,country,period,properties,values
0,Afghanistan,zomer,temperatuur,31.0
1,Afghanistan,winter,temperatuur,7.666666666666667
2,Afghanistan,herfst,temperatuur,15.0
3,Afghanistan,lente,temperatuur,24.333333333333332
4,Afghanistan,zomer,zonuren,11.0
5,Afghanistan,winter,zonuren,6.333333333333333
6,Afghanistan,herfst,zonuren,7.666666666666667
7,Afghanistan,lente,zonuren,10.0
0,Albanie,zomer,temperatuur,29.0
1,Albanie,winter,temperatuur,12.0
2,Albanie,herfst,temperatuur,15.666666666666666
3,Albanie,lente,temperatuur,22.666666666666668
4,Albanie,zomer,zonuren,10.0
5,Albanie,winter,zonuren,4.333333333333333
6,Albanie,herfst,zonuren,4.666666666666667
7,Albanie,lente,zonuren,8.0
0,Algerije,zomer,temperatuur,31.666666666666668
1,Algerije,winter,temperatuur,17.333333333333332
2,Algerije,herfst,temperatuur,21.0
3,Algerije,lente,temperatuur,24.0
4,Algerije,zomer,zonuren,10.0
5,Algerije,winter,zonuren,6.666666666666667
6,Algerije,herfst,zonuren,6.333333333333333
7,Algerije,lente,zonuren,9.666666666666666
0,Amerikaans-Samoa,zomer,temperatuur,29.0
1,Amerikaans-Samoa,winter,temperatuur,30.0
2,Amerikaans-Samoa,herfst,temperatuur,29.666666666666668
3,Amerikaans-Samoa,lente,temperatuur,29.333333333333332
4,Amerikaans-Samoa,zomer,zonuren,5.666666666666667
5,Amerikaans-Samoa,winter,zonuren,5.0
6,Amerikaans-Samoa,herfst,zonuren,5.0
7,Amerikaans-Samoa,lente,zonuren,4.666666666666667
0,Amerikaanse-Maagdeneilanden,zomer,temperatuur,32.333333333333336
1,Amerikaanse-Maagdeneilanden,winter,temperatuur,30.0
2,Amerikaanse-Maagdeneilanden,herfst,temperatuur,31.0
3,Amerikaanse-Maagdeneilanden,lente,temperatuur,31.333333333333332
4,Amerikaanse-Maagdeneilanden,zomer,zonuren,8.666666666666666
5,Amerikaanse-Maagdeneilanden,winter,zonuren,8.333333333333334
6,Amerikaanse-Maagdeneilanden,herfst,zonuren,7.333333333333333
7,Amerikaanse-Maagdeneilanden,lente,zonuren,8.333333333333334
0,Andorra,zomer,temperatuur,17.333333333333332
1,Andorra,winter,temperatuur,1.6666666666666667
2,Andorra,herfst,temperatuur,4.333333333333333
3,Andorra,lente,temperatuur,9.666666666666666
4,Andorra,zomer,zonuren,7.666666666666667
5,Andorra,winter,zonuren,4.666666666666667
6,Andorra,herfst,zonuren,4.666666666666667
7,Andorra,lente,zonuren,6.333333333333333
0,Angola,zomer,temperatuur,24.666666666666668
1,Angola,winter,temperatuur,30.666666666666668
2,Angola,herfst,temperatuur,28.333333333333332
3,Angola,lente,temperatuur,28.666666666666668
4,Angola,zomer,zonuren,5.333333333333333
5,Angola,winter,zonuren,7.0
6,Angola,herfst,zonuren,6.333333333333333
7,Angola,lente,zonuren,7.333333333333333
0,Anguilla,zomer,temperatuur,31.0
1,Anguilla,winter,temperatuur,29.0
2,Anguilla,herfst,temperatuur,30.0
3,Anguilla,lente,temperatuur,30.333333333333332
4,Anguilla,zomer,zonuren,8.333333333333334
5,Anguilla,winter,zonuren,8.333333333333334
6,Anguilla,herfst,zonuren,8.0
7,Anguilla,lente,zonuren,8.333333333333334
0,Antarctica,zomer,temperatuur,-56.0
1,Antarctica,winter,temperatuur,-38.333333333333336
2,Antarctica,herfst,temperatuur,-37.0
3,Antarctica,lente,temperatuur,-53.333333333333336
4,Antarctica,zomer,zonuren,0.6666666666666666
5,Antarctica,winter,zonuren,14.0
6,Antarctica,herfst,zonuren,17.666666666666668
7,Antarctica,lente,zonuren,0.0
0,Antigua-en-Barbuda,zomer,temperatuur,31.0
1,Antigua-en-Barbuda,winter,temperatuur,28.333333333333332
2,Antigua-en-Barbuda,herfst,temperatuur,29.666666666666668
3,Antigua-en-Barbuda,lente,temperatuur,29.666666666666668
4,Antigua-en-Barbuda,zomer,zonuren,7.666666666666667
5,Antigua-en-Barbuda,winter,zonuren,8.0
6,Antigua-en-Barbuda,herfst,zonuren,7.0
7,Antigua-en-Barbuda,lente,zonuren,8.0
0,Argentinie,zomer,temperatuur,17.0
1,Argentinie,winter,temperatuur,27.666666666666668
2,Argentinie,herfst,temperatuur,25.0
3,Argentinie,lente,temperatuur,18.666666666666668
4,Argentinie,zomer,zonuren,5.666666666666667
5,Argentinie,winter,zonuren,8.333333333333334
6,Argentinie,herfst,zonuren,7.666666666666667
7,Argentinie,lente,zonuren,5.333333333333333
0,Armenie,zomer,temperatuur,28.666666666666668
1,Armenie,winter,temperatuur,3.0
2,Armenie,herfst,temperatuur,10.333333333333334
3,Armenie,lente,temperatuur,21.0
4,Armenie,zomer,zonuren,10.333333333333334
5,Armenie,winter,zonuren,4.666666666666667
6,Armenie,herfst,zonuren,5.0
7,Armenie,lente,zonuren,8.0
0,Aruba,zomer,temperatuur,33.0
1,Aruba,winter,temperatuur,30.333333333333332
2,Aruba,herfst,temperatuur,32.0
3,Aruba,lente,temperatuur,32.333333333333336
4,Aruba,zomer,zonuren,9.333333333333334
5,Aruba,winter,zonuren,8.0
6,Aruba,herfst,zonuren,7.666666666666667
7,Aruba,lente,zonuren,8.333333333333334
0,Australie,zomer,temperatuur,18.333333333333332
1,Australie,winter,temperatuur,25.666666666666668
2,Australie,herfst,temperatuur,24.0
3,Australie,lente,temperatuur,20.333333333333332
4,Australie,zomer,zonuren,7.0
5,Australie,winter,zonuren,7.0
6,Australie,herfst,zonuren,8.0
7,Australie,lente,zonuren,6.333333333333333
0,Azerbeidzjan,zomer,temperatuur,29.333333333333332
1,Azerbeidzjan,winter,temperatuur,8.0
2,Azerbeidzjan,herfst,temperatuur,15.333333333333334
3,Azerbeidzjan,lente,temperatuur,23.0
4,Azerbeidzjan,zomer,zonuren,8.666666666666666
5,Azerbeidzjan,winter,zonuren,3.3333333333333335
6,Azerbeidzjan,herfst,zonuren,3.6666666666666665
7,Azerbeidzjan,lente,zonuren,8.0
0,Bahamas,zomer,temperatuur,31.666666666666668
1,Bahamas,winter,temperatuur,25.666666666666668
2,Bahamas,herfst,temperatuur,28.0
3,Bahamas,lente,temperatuur,29.333333333333332
4,Bahamas,zomer,zonuren,8.333333333333334
5,Bahamas,winter,zonuren,7.666666666666667
6,Bahamas,herfst,zonuren,7.0
7,Bahamas,lente,zonuren,8.666666666666666
0,Bahrein,zomer,temperatuur,38.666666666666664
1,Bahrein,winter,temperatuur,22.333333333333332
2,Bahrein,herfst,temperatuur,28.333333333333332
3,Bahrein,lente,temperatuur,34.0
4,Bahrein,zomer,zonuren,10.666666666666666
5,Bahrein,winter,zonuren,7.666666666666667
6,Bahrein,herfst,zonuren,8.666666666666666
7,Bahrein,lente,zonuren,10.0
0,Bangladesh,zomer,temperatuur,32.333333333333336
1,Bangladesh,winter,temperatuur,29.333333333333332
2,Bangladesh,herfst,temperatuur,29.333333333333332
3,Bangladesh,lente,temperatuur,35.0
4,Bangladesh,zomer,zonuren,2.3333333333333335
5,Bangladesh,winter,zonuren,8.0
6,Bangladesh,herfst,zonuren,7.333333333333333
7,Bangladesh,lente,zonuren,5.333333333333333
0,Barbados,zomer,temperatuur,30.333333333333332
1,Barbados,winter,temperatuur,29.0
2,Barbados,herfst,temperatuur,29.666666666666668
3,Barbados,lente,temperatuur,30.666666666666668
4,Barbados,zomer,zonuren,8.0
5,Barbados,winter,zonuren,8.666666666666666
6,Barbados,herfst,zonuren,7.666666666666667
7,Barbados,lente,zonuren,8.666666666666666
0,Belgie,zomer,temperatuur,21.0
1,Belgie,winter,temperatuur,6.0
2,Belgie,herfst,temperatuur,10.0
3,Belgie,lente,temperatuur,16.0
4,Belgie,zomer,zonuren,6.333333333333333
5,Belgie,winter,zonuren,3.0
6,Belgie,herfst,zonuren,2.6666666666666665
7,Belgie,lente,zonuren,6.333333333333333
0,Belize,zomer,temperatuur,31.0
1,Belize,winter,temperatuur,28.0
2,Belize,herfst,temperatuur,28.333333333333332
3,Belize,lente,temperatuur,31.333333333333332
4,Belize,zomer,zonuren,6.666666666666667
5,Belize,winter,zonuren,7.0
6,Belize,herfst,zonuren,6.0
7,Belize,lente,zonuren,7.666666666666667
0,Benin,zomer,temperatuur,28.333333333333332
1,Benin,winter,temperatuur,31.666666666666668
2,Benin,herfst,temperatuur,30.666666666666668
3,Benin,lente,temperatuur,30.666666666666668
4,Benin,zomer,zonuren,4.333333333333333
5,Benin,winter,zonuren,7.0
6,Benin,herfst,zonuren,7.0
7,Benin,lente,zonuren,6.333333333333333
0,Bermuda,zomer,temperatuur,30.666666666666668
1,Bermuda,winter,temperatuur,22.0
2,Bermuda,herfst,temperatuur,26.0
3,Bermuda,lente,temperatuur,25.666666666666668
4,Bermuda,zomer,zonuren,8.666666666666666
5,Bermuda,winter,zonuren,5.0
6,Bermuda,herfst,zonuren,5.333333333333333
7,Bermuda,lente,zonuren,8.333333333333334
0,Bhutan,zomer,temperatuur,24.666666666666668
1,Bhutan,winter,temperatuur,11.333333333333334
2,Bhutan,herfst,temperatuur,17.0
3,Bhutan,lente,temperatuur,20.0
4,Bhutan,zomer,zonuren,5.0
5,Bhutan,winter,zonuren,7.666666666666667
6,Bhutan,herfst,zonuren,7.666666666666667
7,Bhutan,lente,zonuren,7.0
0,Bolivia,zomer,temperatuur,14.333333333333334
1,Bolivia,winter,temperatuur,15.0
2,Bolivia,herfst,temperatuur,15.333333333333334
3,Bolivia,lente,temperatuur,14.0
4,Bolivia,zomer,zonuren,8.0
5,Bolivia,winter,zonuren,5.333333333333333
6,Bolivia,herfst,zonuren,6.0
7,Bolivia,lente,zonuren,7.666666666666667
0,Bonaire,zomer,temperatuur,31.666666666666668
1,Bonaire,winter,temperatuur,30.0
2,Bonaire,herfst,temperatuur,31.0
3,Bonaire,lente,temperatuur,30.666666666666668
4,Bonaire,zomer,zonuren,8.666666666666666
5,Bonaire,winter,zonuren,8.666666666666666
6,Bonaire,herfst,zonuren,8.0
7,Bonaire,lente,zonuren,8.0
0,Bosnie-en-Herzegovina,zomer,temperatuur,22.666666666666668
1,Bosnie-en-Herzegovina,winter,temperatuur,4.333333333333333
2,Bosnie-en-Herzegovina,herfst,temperatuur,8.333333333333334
3,Bosnie-en-Herzegovina,lente,temperatuur,17.333333333333332
4,Bosnie-en-Herzegovina,zomer,zonuren,7.333333333333333
5,Bosnie-en-Herzegovina,winter,zonuren,3.0
6,Bosnie-en-Herzegovina,herfst,zonuren,3.3333333333333335
7,Bosnie-en-Herzegovina,lente,zonuren,6.0
0,Botswana,zomer,temperatuur,26.0
1,Botswana,winter,temperatuur,32.0
2,Botswana,herfst,temperatuur,31.666666666666668
3,Botswana,lente,temperatuur,25.0
4,Botswana,zomer,zonuren,10.0
5,Botswana,winter,zonuren,8.333333333333334
6,Botswana,herfst,zonuren,8.666666666666666
7,Botswana,lente,zonuren,8.666666666666666
0,Brazilie,zomer,temperatuur,24.666666666666668
1,Brazilie,winter,temperatuur,29.666666666666668
2,Brazilie,herfst,temperatuur,27.333333333333332
3,Brazilie,lente,temperatuur,26.0
4,Brazilie,zomer,zonuren,5.666666666666667
5,Brazilie,winter,zonuren,6.333333333333333
6,Brazilie,herfst,zonuren,5.0
7,Brazilie,lente,zonuren,6.0
0,Brits-Antarctisch-Territorium,zomer,temperatuur,-5.333333333333333
1,Brits-Antarctisch-Territorium,winter,temperatuur,2.0
2,Brits-Antarctisch-Territorium,herfst,temperatuur,1.3333333333333333
3,Brits-Antarctisch-Territorium,lente,temperatuur,-5.333333333333333
4,Brits-Antarctisch-Territorium,zomer,zonuren,2.3333333333333335
5,Brits-Antarctisch-Territorium,winter,zonuren,8.0
6,Brits-Antarctisch-Territorium,herfst,zonuren,7.666666666666667
7,Brits-Antarctisch-Territorium,lente,zonuren,2.6666666666666665
0,Brits-Indische-Oceaanterritorium,zomer,temperatuur,28.333333333333332
1,Brits-Indische-Oceaanterritorium,winter,temperatuur,29.666666666666668
2,Brits-Indische-Oceaanterritorium,herfst,temperatuur,29.0
3,Brits-Indische-Oceaanterritorium,lente,temperatuur,29.666666666666668
4,Brits-Indische-Oceaanterritorium,zomer,zonuren,7.666666666666667
5,Brits-Indische-Oceaanterritorium,winter,zonuren,7.666666666666667
6,Brits-Indische-Oceaanterritorium,herfst,zonuren,9.0
7,Brits-Indische-Oceaanterritorium,lente,zonuren,8.333333333333334
0,Britse-Maagdeneilanden,zomer,temperatuur,31.0
1,Britse-Maagdeneilanden,winter,temperatuur,29.0
2,Britse-Maagdeneilanden,herfst,temperatuur,30.0
3,Britse-Maagdeneilanden,lente,temperatuur,30.333333333333332
4,Britse-Maagdeneilanden,zomer,zonuren,8.333333333333334
5,Britse-Maagdeneilanden,winter,zonuren,8.333333333333334
6,Britse-Maagdeneilanden,herfst,zonuren,8.0
7,Britse-Maagdeneilanden,lente,zonuren,8.333333333333334
0,Brunei,zomer,temperatuur,32.0
1,Brunei,winter,temperatuur,31.0
2,Brunei,herfst,temperatuur,31.333333333333332
3,Brunei,lente,temperatuur,32.0
4,Brunei,zomer,zonuren,6.666666666666667
5,Brunei,winter,zonuren,6.666666666666667
6,Brunei,herfst,zonuren,7.0
7,Brunei,lente,zonuren,7.666666666666667
0,Bulgarije,zomer,temperatuur,25.333333333333332
1,Bulgarije,winter,temperatuur,6.333333333333333
2,Bulgarije,herfst,temperatuur,12.0
3,Bulgarije,lente,temperatuur,19.666666666666668
4,Bulgarije,zomer,zonuren,8.333333333333334
5,Bulgarije,winter,zonuren,3.0
6,Bulgarije,herfst,zonuren,3.3333333333333335
7,Bulgarije,lente,zonuren,7.0
0,BurkinaFaso,zomer,temperatuur,32.333333333333336
1,BurkinaFaso,winter,temperatuur,35.666666666666664
2,BurkinaFaso,herfst,temperatuur,35.0
3,BurkinaFaso,lente,temperatuur,38.0
4,BurkinaFaso,zomer,zonuren,7.0
5,BurkinaFaso,winter,zonuren,8.666666666666666
6,BurkinaFaso,herfst,zonuren,9.0
7,BurkinaFaso,lente,zonuren,8.0
0,Burundi,zomer,temperatuur,28.0
1,Burundi,winter,temperatuur,27.0
2,Burundi,herfst,temperatuur,27.333333333333332
3,Burundi,lente,temperatuur,27.0
4,Burundi,zomer,zonuren,7.666666666666667
5,Burundi,winter,zonuren,5.333333333333333
6,Burundi,herfst,zonuren,5.333333333333333
7,Burundi,lente,zonuren,6.333333333333333
0,Cambodja,zomer,temperatuur,31.666666666666668
1,Cambodja,winter,temperatuur,32.666666666666664
2,Cambodja,herfst,temperatuur,30.333333333333332
3,Cambodja,lente,temperatuur,34.0
4,Cambodja,zomer,zonuren,5.0
5,Cambodja,winter,zonuren,8.666666666666666
6,Cambodja,herfst,zonuren,7.666666666666667
7,Cambodja,lente,zonuren,7.0
0,Canada,zomer,temperatuur,24.0
1,Canada,winter,temperatuur,-2.0
2,Canada,herfst,temperatuur,6.0
3,Canada,lente,temperatuur,17.666666666666668
4,Canada,zomer,zonuren,7.666666666666667
5,Canada,winter,zonuren,4.0
6,Canada,herfst,zonuren,3.3333333333333335
7,Canada,lente,zonuren,7.0
0,Centraal-Afrikaanse-Republiek,zomer,temperatuur,29.0
1,Centraal-Afrikaanse-Republiek,winter,temperatuur,33.0
2,Centraal-Afrikaanse-Republiek,herfst,temperatuur,30.0
3,Centraal-Afrikaanse-Republiek,lente,temperatuur,31.0
4,Centraal-Afrikaanse-Republiek,zomer,zonuren,4.333333333333333
5,Centraal-Afrikaanse-Republiek,winter,zonuren,6.666666666666667
6,Centraal-Afrikaanse-Republiek,herfst,zonuren,6.666666666666667
7,Centraal-Afrikaanse-Republiek,lente,zonuren,6.333333333333333
0,Chili,zomer,temperatuur,14.333333333333334
1,Chili,winter,temperatuur,24.666666666666668
2,Chili,herfst,temperatuur,22.666666666666668
3,Chili,lente,temperatuur,16.0
4,Chili,zomer,zonuren,5.0
5,Chili,winter,zonuren,10.0
6,Chili,herfst,zonuren,8.666666666666666
7,Chili,lente,zonuren,5.0
0,China,zomer,temperatuur,29.666666666666668
1,China,winter,temperatuur,9.0
2,China,herfst,temperatuur,16.333333333333332
3,China,lente,temperatuur,22.666666666666668
4,China,zomer,zonuren,7.0
5,China,winter,zonuren,4.333333333333333
6,China,herfst,zonuren,5.0
7,China,lente,zonuren,5.666666666666667
0,Christmaseiland,zomer,temperatuur,27.333333333333332
1,Christmaseiland,winter,temperatuur,30.0
2,Christmaseiland,herfst,temperatuur,28.333333333333332
3,Christmaseiland,lente,temperatuur,29.0
4,Christmaseiland,zomer,zonuren,7.666666666666667
5,Christmaseiland,winter,zonuren,6.0
6,Christmaseiland,herfst,zonuren,6.333333333333333
7,Christmaseiland,lente,zonuren,7.0
0,Cocoseilanden,zomer,temperatuur,28.0
1,Cocoseilanden,winter,temperatuur,29.666666666666668
2,Cocoseilanden,herfst,temperatuur,29.0
3,Cocoseilanden,lente,temperatuur,29.0
4,Cocoseilanden,zomer,zonuren,5.666666666666667
5,Cocoseilanden,winter,zonuren,5.666666666666667
6,Cocoseilanden,herfst,zonuren,5.666666666666667
7,Cocoseilanden,lente,zonuren,7.0
0,Colombia,zomer,temperatuur,18.333333333333332
1,Colombia,winter,temperatuur,20.0
2,Colombia,herfst,temperatuur,19.0
3,Colombia,lente,temperatuur,18.666666666666668
4,Colombia,zomer,zonuren,4.666666666666667
5,Colombia,winter,zonuren,5.0
6,Colombia,herfst,zonuren,5.0
7,Colombia,lente,zonuren,4.0
0,Comoren,zomer,temperatuur,24.333333333333332
1,Comoren,winter,temperatuur,27.0
2,Comoren,herfst,temperatuur,26.666666666666668
3,Comoren,lente,temperatuur,26.0
4,Comoren,zomer,zonuren,9.333333333333334
5,Comoren,winter,zonuren,7.0
6,Comoren,herfst,zonuren,9.0
7,Comoren,lente,zonuren,8.666666666666666
0,Congo-Brazzaville,zomer,temperatuur,28.333333333333332
1,Congo-Brazzaville,winter,temperatuur,30.666666666666668
2,Congo-Brazzaville,herfst,temperatuur,30.0
3,Congo-Brazzaville,lente,temperatuur,29.666666666666668
4,Congo-Brazzaville,zomer,zonuren,5.333333333333333
5,Congo-Brazzaville,winter,zonuren,6.0
6,Congo-Brazzaville,herfst,zonuren,5.0
7,Congo-Brazzaville,lente,zonuren,6.0
0,Congo-Kinshasa,zomer,temperatuur,28.333333333333332
1,Congo-Kinshasa,winter,temperatuur,30.666666666666668
2,Congo-Kinshasa,herfst,temperatuur,30.0
3,Congo-Kinshasa,lente,temperatuur,29.666666666666668
4,Congo-Kinshasa,zomer,zonuren,5.0
5,Congo-Kinshasa,winter,zonuren,6.0
6,Congo-Kinshasa,herfst,zonuren,5.0
7,Congo-Kinshasa,lente,zonuren,5.666666666666667
0,Cookeilanden,zomer,temperatuur,25.333333333333332
1,Cookeilanden,winter,temperatuur,28.666666666666668
2,Cookeilanden,herfst,temperatuur,27.0
3,Cookeilanden,lente,temperatuur,27.0
4,Cookeilanden,zomer,zonuren,7.333333333333333
5,Cookeilanden,winter,zonuren,6.0
6,Cookeilanden,herfst,zonuren,6.666666666666667
7,Cookeilanden,lente,zonuren,6.333333333333333
0,CostaRica,zomer,temperatuur,27.666666666666668
1,CostaRica,winter,temperatuur,26.333333333333332
2,CostaRica,herfst,temperatuur,25.666666666666668
3,CostaRica,lente,temperatuur,29.333333333333332
4,CostaRica,zomer,zonuren,6.0
5,CostaRica,winter,zonuren,7.0
6,CostaRica,herfst,zonuren,6.0
7,CostaRica,lente,zonuren,7.0
0,Cuba,zomer,temperatuur,32.333333333333336
1,Cuba,winter,temperatuur,28.0
2,Cuba,herfst,temperatuur,29.0
3,Cuba,lente,temperatuur,30.666666666666668
4,Cuba,zomer,zonuren,7.333333333333333
5,Cuba,winter,zonuren,7.333333333333333
6,Cuba,herfst,zonuren,7.0
7,Cuba,lente,zonuren,7.333333333333333
0,Curacao,zomer,temperatuur,32.333333333333336
1,Curacao,winter,temperatuur,30.333333333333332
2,Curacao,herfst,temperatuur,31.0
3,Curacao,lente,temperatuur,31.666666666666668
4,Curacao,zomer,zonuren,9.0
5,Curacao,winter,zonuren,8.666666666666666
6,Curacao,herfst,zonuren,8.0
7,Curacao,lente,zonuren,8.333333333333334
0,Cyprus,zomer,temperatuur,31.333333333333332
1,Cyprus,winter,temperatuur,15.333333333333334
2,Cyprus,herfst,temperatuur,21.0
3,Cyprus,lente,temperatuur,25.0
4,Cyprus,zomer,zonuren,11.0
5,Cyprus,winter,zonuren,6.0
6,Cyprus,herfst,zonuren,6.666666666666667
7,Cyprus,lente,zonuren,10.333333333333334
0,Denemarken,zomer,temperatuur,20.0
1,Denemarken,winter,temperatuur,2.6666666666666665
2,Denemarken,herfst,temperatuur,8.333333333333334
3,Denemarken,lente,temperatuur,15.0
4,Denemarken,zomer,zonuren,7.0
5,Denemarken,winter,zonuren,2.3333333333333335
6,Denemarken,herfst,zonuren,2.0
7,Denemarken,lente,zonuren,7.666666666666667
0,Djibouti,zomer,temperatuur,39.666666666666664
1,Djibouti,winter,temperatuur,29.666666666666668
2,Djibouti,herfst,temperatuur,31.333333333333332
3,Djibouti,lente,temperatuur,35.333333333333336
4,Djibouti,zomer,zonuren,8.666666666666666
5,Djibouti,winter,zonuren,8.333333333333334
6,Djibouti,herfst,zonuren,9.666666666666666
7,Djibouti,lente,zonuren,9.333333333333334
0,Dominica,zomer,temperatuur,31.0
1,Dominica,winter,temperatuur,29.333333333333332
2,Dominica,herfst,temperatuur,30.0
3,Dominica,lente,temperatuur,30.666666666666668
4,Dominica,zomer,zonuren,7.666666666666667
5,Dominica,winter,zonuren,7.333333333333333
6,Dominica,herfst,zonuren,7.0
7,Dominica,lente,zonuren,8.0
0,Dominicaanse-Republiek,zomer,temperatuur,32.0
1,Dominicaanse-Republiek,winter,temperatuur,28.333333333333332
2,Dominicaanse-Republiek,herfst,temperatuur,30.0
3,Dominicaanse-Republiek,lente,temperatuur,30.666666666666668
4,Dominicaanse-Republiek,zomer,zonuren,8.0
5,Dominicaanse-Republiek,winter,zonuren,7.666666666666667
6,Dominicaanse-Republiek,herfst,zonuren,7.0
7,Dominicaanse-Republiek,lente,zonuren,8.0
0,Duitsland,zomer,temperatuur,22.0
1,Duitsland,winter,temperatuur,4.666666666666667
2,Duitsland,herfst,temperatuur,8.0
3,Duitsland,lente,temperatuur,18.0
4,Duitsland,zomer,zonuren,6.666666666666667
5,Duitsland,winter,zonuren,3.0
6,Duitsland,herfst,zonuren,2.3333333333333335
7,Duitsland,lente,zonuren,6.333333333333333
0,Egypte,zomer,temperatuur,33.333333333333336
1,Egypte,winter,temperatuur,22.666666666666668
2,Egypte,herfst,temperatuur,26.666666666666668
3,Egypte,lente,temperatuur,30.666666666666668
4,Egypte,zomer,zonuren,12.0
5,Egypte,winter,zonuren,9.666666666666666
6,Egypte,herfst,zonuren,9.333333333333334
7,Egypte,lente,zonuren,11.0
0,ElSalvador,zomer,temperatuur,28.666666666666668
1,ElSalvador,winter,temperatuur,31.0
2,ElSalvador,herfst,temperatuur,28.333333333333332
3,ElSalvador,lente,temperatuur,30.0
4,ElSalvador,zomer,zonuren,6.666666666666667
5,ElSalvador,winter,zonuren,8.666666666666666
6,ElSalvador,herfst,zonuren,7.333333333333333
7,ElSalvador,lente,zonuren,8.0
0,Engeland,zomer,temperatuur,21.0
1,Engeland,winter,temperatuur,7.666666666666667
2,Engeland,herfst,temperatuur,10.666666666666666
3,Engeland,lente,temperatuur,16.666666666666668
4,Engeland,zomer,zonuren,5.666666666666667
5,Engeland,winter,zonuren,2.3333333333333335
6,Engeland,herfst,zonuren,2.0
7,Engeland,lente,zonuren,6.0
0,Equatoriaal-Guinea,zomer,temperatuur,27.333333333333332
1,Equatoriaal-Guinea,winter,temperatuur,31.0
2,Equatoriaal-Guinea,herfst,temperatuur,29.0
3,Equatoriaal-Guinea,lente,temperatuur,29.333333333333332
4,Equatoriaal-Guinea,zomer,zonuren,2.3333333333333335
5,Equatoriaal-Guinea,winter,zonuren,5.333333333333333
6,Equatoriaal-Guinea,herfst,zonuren,4.666666666666667
7,Equatoriaal-Guinea,lente,zonuren,4.666666666666667
0,Eritrea,zomer,temperatuur,23.0
1,Eritrea,winter,temperatuur,24.333333333333332
2,Eritrea,herfst,temperatuur,22.333333333333332
3,Eritrea,lente,temperatuur,26.0
4,Eritrea,zomer,zonuren,5.666666666666667
5,Eritrea,winter,zonuren,9.0
6,Eritrea,herfst,zonuren,9.0
7,Eritrea,lente,zonuren,8.0
0,Estland,zomer,temperatuur,19.333333333333332
1,Estland,winter,temperatuur,-1.6666666666666667
2,Estland,herfst,temperatuur,2.6666666666666665
3,Estland,lente,temperatuur,14.0
4,Estland,zomer,zonuren,7.0
5,Estland,winter,zonuren,2.3333333333333335
6,Estland,herfst,zonuren,1.6666666666666667
7,Estland,lente,zonuren,8.333333333333334
0,Ethiopie,zomer,temperatuur,20.0
1,Ethiopie,winter,temperatuur,22.666666666666668
2,Ethiopie,herfst,temperatuur,21.0
3,Ethiopie,lente,temperatuur,22.666666666666668
4,Ethiopie,zomer,zonuren,6.333333333333333
5,Ethiopie,winter,zonuren,9.0
6,Ethiopie,herfst,zonuren,9.0
7,Ethiopie,lente,zonuren,7.333333333333333
0,Faeroer,zomer,temperatuur,12.666666666666666
1,Faeroer,winter,temperatuur,6.0
2,Faeroer,herfst,temperatuur,7.333333333333333
3,Faeroer,lente,temperatuur,9.0
4,Faeroer,zomer,zonuren,3.3333333333333335
5,Faeroer,winter,zonuren,1.0
6,Faeroer,herfst,zonuren,1.0
7,Faeroer,lente,zonuren,3.6666666666666665
0,Falklandeilanden,zomer,temperatuur,5.666666666666667
1,Falklandeilanden,winter,temperatuur,12.666666666666666
2,Falklandeilanden,herfst,temperatuur,10.666666666666666
3,Falklandeilanden,lente,temperatuur,7.0
4,Falklandeilanden,zomer,zonuren,4.0
5,Falklandeilanden,winter,zonuren,5.666666666666667
6,Falklandeilanden,herfst,zonuren,6.0
7,Falklandeilanden,lente,zonuren,3.0
0,Fiji,zomer,temperatuur,26.333333333333332
1,Fiji,winter,temperatuur,30.0
2,Fiji,herfst,temperatuur,28.666666666666668
3,Fiji,lente,temperatuur,28.0
4,Fiji,zomer,zonuren,5.333333333333333
5,Fiji,winter,zonuren,5.666666666666667
6,Fiji,herfst,zonuren,5.666666666666667
7,Fiji,lente,zonuren,5.666666666666667
0,Filipijnen,zomer,temperatuur,31.0
1,Filipijnen,winter,temperatuur,31.333333333333332
2,Filipijnen,herfst,temperatuur,30.666666666666668
3,Filipijnen,lente,temperatuur,33.333333333333336
4,Filipijnen,zomer,zonuren,5.333333333333333
5,Filipijnen,winter,zonuren,7.0
6,Filipijnen,herfst,zonuren,6.0
7,Filipijnen,lente,zonuren,7.333333333333333
0,Frankrijk,zomer,temperatuur,25.333333333333332
1,Frankrijk,winter,temperatuur,9.333333333333334
2,Frankrijk,herfst,temperatuur,12.0
3,Frankrijk,lente,temperatuur,18.333333333333332
4,Frankrijk,zomer,zonuren,7.666666666666667
5,Frankrijk,winter,zonuren,3.0
6,Frankrijk,herfst,zonuren,3.0
7,Frankrijk,lente,zonuren,8.333333333333334
0,Frans-Guyana,zomer,temperatuur,31.666666666666668
1,Frans-Guyana,winter,temperatuur,29.0
2,Frans-Guyana,herfst,temperatuur,31.0
3,Frans-Guyana,lente,temperatuur,29.666666666666668
4,Frans-Guyana,zomer,zonuren,7.666666666666667
5,Frans-Guyana,winter,zonuren,4.333333333333333
6,Frans-Guyana,herfst,zonuren,6.666666666666667
7,Frans-Guyana,lente,zonuren,4.666666666666667
0,Frans-Polynesie,zomer,temperatuur,30.0
1,Frans-Polynesie,winter,temperatuur,32.0
2,Frans-Polynesie,herfst,temperatuur,31.0
3,Frans-Polynesie,lente,temperatuur,31.0
4,Frans-Polynesie,zomer,zonuren,8.0
5,Frans-Polynesie,winter,zonuren,7.0
6,Frans-Polynesie,herfst,zonuren,7.0
7,Frans-Polynesie,lente,zonuren,7.333333333333333
0,Gabon,zomer,temperatuur,26.333333333333332
1,Gabon,winter,temperatuur,29.333333333333332
2,Gabon,herfst,temperatuur,28.0
3,Gabon,lente,temperatuur,28.333333333333332
4,Gabon,zomer,zonuren,3.3333333333333335
5,Gabon,winter,zonuren,5.333333333333333
6,Gabon,herfst,zonuren,4.333333333333333
7,Gabon,lente,zonuren,5.0
0,Gambia,zomer,temperatuur,32.333333333333336
1,Gambia,winter,temperatuur,33.666666666666664
2,Gambia,herfst,temperatuur,32.666666666666664
3,Gambia,lente,temperatuur,35.0
4,Gambia,zomer,zonuren,7.0
5,Gambia,winter,zonuren,8.666666666666666
6,Gambia,herfst,zonuren,8.333333333333334
7,Gambia,lente,zonuren,9.333333333333334
0,Georgie,zomer,temperatuur,28.333333333333332
1,Georgie,winter,temperatuur,7.333333333333333
2,Georgie,herfst,temperatuur,12.666666666666666
3,Georgie,lente,temperatuur,22.666666666666668
4,Georgie,zomer,zonuren,8.0
5,Georgie,winter,zonuren,4.0
6,Georgie,herfst,zonuren,4.0
7,Georgie,lente,zonuren,7.0
0,Ghana,zomer,temperatuur,28.333333333333332
1,Ghana,winter,temperatuur,32.0
2,Ghana,herfst,temperatuur,30.666666666666668
3,Ghana,lente,temperatuur,30.666666666666668
4,Ghana,zomer,zonuren,4.666666666666667
5,Ghana,winter,zonuren,7.0
6,Ghana,herfst,zonuren,7.333333333333333
7,Ghana,lente,zonuren,6.333333333333333
0,Gibraltar,zomer,temperatuur,27.0
1,Gibraltar,winter,temperatuur,16.333333333333332
2,Gibraltar,herfst,temperatuur,19.0
3,Gibraltar,lente,temperatuur,22.0
4,Gibraltar,zomer,zonuren,9.666666666666666
5,Gibraltar,winter,zonuren,6.0
6,Gibraltar,herfst,zonuren,5.333333333333333
7,Gibraltar,lente,zonuren,9.0
0,Grenada,zomer,temperatuur,30.333333333333332
1,Grenada,winter,temperatuur,29.0
2,Grenada,herfst,temperatuur,29.666666666666668
3,Grenada,lente,temperatuur,30.0
4,Grenada,zomer,zonuren,7.333333333333333
5,Grenada,winter,zonuren,8.0
6,Grenada,herfst,zonuren,7.0
7,Grenada,lente,zonuren,7.666666666666667
0,Griekenland,zomer,temperatuur,32.0
1,Griekenland,winter,temperatuur,14.0
2,Griekenland,herfst,temperatuur,18.333333333333332
3,Griekenland,lente,temperatuur,25.0
4,Griekenland,zomer,zonuren,10.666666666666666
5,Griekenland,winter,zonuren,5.0
6,Griekenland,herfst,zonuren,5.333333333333333
7,Griekenland,lente,zonuren,9.666666666666666
0,Groenland,zomer,temperatuur,7.666666666666667
1,Groenland,winter,temperatuur,-14.333333333333334
2,Groenland,herfst,temperatuur,-7.0
3,Groenland,lente,temperatuur,-2.0
4,Groenland,zomer,zonuren,6.333333333333333
5,Groenland,winter,zonuren,1.3333333333333333
6,Groenland,herfst,zonuren,0.3333333333333333
7,Groenland,lente,zonuren,7.666666666666667
0,Guadeloupe,zomer,temperatuur,31.0
1,Guadeloupe,winter,temperatuur,28.0
2,Guadeloupe,herfst,temperatuur,29.0
3,Guadeloupe,lente,temperatuur,30.0
4,Guadeloupe,zomer,zonuren,7.666666666666667
5,Guadeloupe,winter,zonuren,7.333333333333333
6,Guadeloupe,herfst,zonuren,7.0
7,Guadeloupe,lente,zonuren,8.0
0,Guam,zomer,temperatuur,31.0
1,Guam,winter,temperatuur,30.0
2,Guam,herfst,temperatuur,30.666666666666668
3,Guam,lente,temperatuur,31.0
4,Guam,zomer,zonuren,5.333333333333333
5,Guam,winter,zonuren,6.333333333333333
6,Guam,herfst,zonuren,4.666666666666667
7,Guam,lente,zonuren,7.0
0,Guatemala,zomer,temperatuur,23.333333333333332
1,Guatemala,winter,temperatuur,23.666666666666668
2,Guatemala,herfst,temperatuur,22.0
3,Guatemala,lente,temperatuur,25.0
4,Guatemala,zomer,zonuren,6.0
5,Guatemala,winter,zonuren,8.0
6,Guatemala,herfst,zonuren,7.0
7,Guatemala,lente,zonuren,7.0
0,Guernsey,zomer,temperatuur,19.333333333333332
1,Guernsey,winter,temperatuur,9.0
2,Guernsey,herfst,temperatuur,12.333333333333334
3,Guernsey,lente,temperatuur,14.666666666666666
4,Guernsey,zomer,zonuren,7.0
5,Guernsey,winter,zonuren,3.0
6,Guernsey,herfst,zonuren,2.6666666666666665
7,Guernsey,lente,zonuren,7.333333333333333
0,Guinee,zomer,temperatuur,28.333333333333332
1,Guinee,winter,temperatuur,32.0
2,Guinee,herfst,temperatuur,30.666666666666668
3,Guinee,lente,temperatuur,31.666666666666668
4,Guinee,zomer,zonuren,4.0
5,Guinee,winter,zonuren,7.666666666666667
6,Guinee,herfst,zonuren,6.666666666666667
7,Guinee,lente,zonuren,6.333333333333333
0,Guinee-Bissau,zomer,temperatuur,30.333333333333332
1,Guinee-Bissau,winter,temperatuur,34.333333333333336
2,Guinee-Bissau,herfst,temperatuur,32.333333333333336
3,Guinee-Bissau,lente,temperatuur,34.333333333333336
4,Guinee-Bissau,zomer,zonuren,5.333333333333333
5,Guinee-Bissau,winter,zonuren,8.333333333333334
6,Guinee-Bissau,herfst,zonuren,7.666666666666667
7,Guinee-Bissau,lente,zonuren,8.0
0,Guyana,zomer,temperatuur,30.666666666666668
1,Guyana,winter,temperatuur,29.333333333333332
2,Guyana,herfst,temperatuur,30.666666666666668
3,Guyana,lente,temperatuur,30.0
4,Guyana,zomer,zonuren,7.666666666666667
5,Guyana,winter,zonuren,7.0
6,Guyana,herfst,zonuren,7.0
7,Guyana,lente,zonuren,6.333333333333333
0,Haiti,zomer,temperatuur,32.666666666666664
1,Haiti,winter,temperatuur,30.0
2,Haiti,herfst,temperatuur,31.0
3,Haiti,lente,temperatuur,31.333333333333332
4,Haiti,zomer,zonuren,8.0
5,Haiti,winter,zonuren,7.666666666666667
6,Haiti,herfst,zonuren,7.0
7,Haiti,lente,zonuren,7.666666666666667
0,Honduras,zomer,temperatuur,28.666666666666668
1,Honduras,winter,temperatuur,27.666666666666668
2,Honduras,herfst,temperatuur,26.0
3,Honduras,lente,temperatuur,29.666666666666668
4,Honduras,zomer,zonuren,6.333333333333333
5,Honduras,winter,zonuren,7.0
6,Honduras,herfst,zonuren,6.0
7,Honduras,lente,zonuren,6.666666666666667
0,Hongarije,zomer,temperatuur,25.666666666666668
1,Hongarije,winter,temperatuur,6.0
2,Hongarije,herfst,temperatuur,9.666666666666666
3,Hongarije,lente,temperatuur,21.333333333333332
4,Hongarije,zomer,zonuren,8.0
5,Hongarije,winter,zonuren,3.0
6,Hongarije,herfst,zonuren,3.0
7,Hongarije,lente,zonuren,7.333333333333333
0,HongKong,zomer,temperatuur,30.666666666666668
1,HongKong,winter,temperatuur,19.666666666666668
2,HongKong,herfst,temperatuur,24.0
3,HongKong,lente,temperatuur,28.0
4,HongKong,zomer,zonuren,6.666666666666667
5,HongKong,winter,zonuren,4.333333333333333
6,HongKong,herfst,zonuren,6.0
7,HongKong,lente,zonuren,5.0
0,India,zomer,temperatuur,28.666666666666668
1,India,winter,temperatuur,31.333333333333332
2,India,herfst,temperatuur,31.666666666666668
3,India,lente,temperatuur,31.666666666666668
4,India,zomer,zonuren,4.666666666666667
5,India,winter,zonuren,9.666666666666666
6,India,herfst,zonuren,9.0
7,India,lente,zonuren,8.0
0,Indonesie,zomer,temperatuur,33.0
1,Indonesie,winter,temperatuur,31.0
2,Indonesie,herfst,temperatuur,32.666666666666664
3,Indonesie,lente,temperatuur,32.666666666666664
4,Indonesie,zomer,zonuren,9.0
5,Indonesie,winter,zonuren,5.666666666666667
6,Indonesie,herfst,zonuren,7.0
7,Indonesie,lente,zonuren,8.0
0,Irak,zomer,temperatuur,42.333333333333336
1,Irak,winter,temperatuur,19.333333333333332
2,Irak,herfst,temperatuur,24.666666666666668
3,Irak,lente,temperatuur,35.333333333333336
4,Irak,zomer,zonuren,13.0
5,Irak,winter,zonuren,7.0
6,Irak,herfst,zonuren,7.333333333333333
7,Irak,lente,zonuren,11.333333333333334
0,Iran,zomer,temperatuur,34.666666666666664
1,Iran,winter,temperatuur,10.333333333333334
2,Iran,herfst,temperatuur,15.333333333333334
3,Iran,lente,temperatuur,27.333333333333332
4,Iran,zomer,zonuren,11.666666666666666
5,Iran,winter,zonuren,6.333333333333333
6,Iran,herfst,zonuren,6.333333333333333
7,Iran,lente,zonuren,9.666666666666666
0,Isle-of-Man,zomer,temperatuur,16.333333333333332
1,Isle-of-Man,winter,temperatuur,6.333333333333333
2,Isle-of-Man,herfst,temperatuur,9.333333333333334
3,Isle-of-Man,lente,temperatuur,13.0
4,Isle-of-Man,zomer,zonuren,5.333333333333333
5,Isle-of-Man,winter,zonuren,3.0
6,Isle-of-Man,herfst,zonuren,2.0
7,Isle-of-Man,lente,zonuren,6.666666666666667
0,Israel,zomer,temperatuur,30.333333333333332
1,Israel,winter,temperatuur,18.333333333333332
2,Israel,herfst,temperatuur,23.333333333333332
3,Israel,lente,temperatuur,26.0
4,Israel,zomer,zonuren,11.333333333333334
5,Israel,winter,zonuren,7.0
6,Israel,herfst,zonuren,7.666666666666667
7,Israel,lente,zonuren,10.666666666666666
0,Italie,zomer,temperatuur,28.0
1,Italie,winter,temperatuur,12.666666666666666
2,Italie,herfst,temperatuur,17.0
3,Italie,lente,temperatuur,22.0
4,Italie,zomer,zonuren,9.666666666666666
5,Italie,winter,zonuren,4.0
6,Italie,herfst,zonuren,4.333333333333333
7,Italie,lente,zonuren,8.666666666666666
0,Ivoorkust,zomer,temperatuur,29.333333333333332
1,Ivoorkust,winter,temperatuur,34.0
2,Ivoorkust,herfst,temperatuur,31.666666666666668
3,Ivoorkust,lente,temperatuur,32.333333333333336
4,Ivoorkust,zomer,zonuren,3.6666666666666665
5,Ivoorkust,winter,zonuren,7.0
6,Ivoorkust,herfst,zonuren,5.666666666666667
7,Ivoorkust,lente,zonuren,6.333333333333333
0,Jamaica,zomer,temperatuur,30.0
1,Jamaica,winter,temperatuur,28.0
2,Jamaica,herfst,temperatuur,28.333333333333332
3,Jamaica,lente,temperatuur,29.333333333333332
4,Jamaica,zomer,zonuren,7.0
5,Jamaica,winter,zonuren,7.333333333333333
6,Jamaica,herfst,zonuren,6.333333333333333
7,Jamaica,lente,zonuren,7.333333333333333
0,Japan,zomer,temperatuur,29.0
1,Japan,winter,temperatuur,11.0
2,Japan,herfst,temperatuur,16.666666666666668
3,Japan,lente,temperatuur,22.333333333333332
4,Japan,zomer,zonuren,5.0
5,Japan,winter,zonuren,6.0
6,Japan,herfst,zonuren,5.0
7,Japan,lente,zonuren,5.0
0,Jemen,zomer,temperatuur,28.333333333333332
1,Jemen,winter,temperatuur,23.333333333333332
2,Jemen,herfst,temperatuur,22.666666666666668
3,Jemen,lente,temperatuur,27.333333333333332
4,Jemen,zomer,zonuren,7.0
5,Jemen,winter,zonuren,8.0
6,Jemen,herfst,zonuren,8.666666666666666
7,Jemen,lente,zonuren,8.666666666666666
0,Jersey,zomer,temperatuur,19.666666666666668
1,Jersey,winter,temperatuur,8.666666666666666
2,Jersey,herfst,temperatuur,12.333333333333334
3,Jersey,lente,temperatuur,15.333333333333334
4,Jersey,zomer,zonuren,7.333333333333333
5,Jersey,winter,zonuren,3.0
6,Jersey,herfst,zonuren,3.0
7,Jersey,lente,zonuren,7.333333333333333
0,Jordanie,zomer,temperatuur,29.666666666666668
1,Jordanie,winter,temperatuur,13.333333333333334
2,Jordanie,herfst,temperatuur,19.0
3,Jordanie,lente,temperatuur,25.333333333333332
4,Jordanie,zomer,zonuren,12.0
5,Jordanie,winter,zonuren,6.666666666666667
6,Jordanie,herfst,zonuren,7.333333333333333
7,Jordanie,lente,zonuren,11.0
0,Kaaimaneilanden,zomer,temperatuur,32.0
1,Kaaimaneilanden,winter,temperatuur,29.333333333333332
2,Kaaimaneilanden,herfst,temperatuur,30.0
3,Kaaimaneilanden,lente,temperatuur,31.333333333333332
4,Kaaimaneilanden,zomer,zonuren,8.333333333333334
5,Kaaimaneilanden,winter,zonuren,8.333333333333334
6,Kaaimaneilanden,herfst,zonuren,7.333333333333333
7,Kaaimaneilanden,lente,zonuren,9.0
0,Kaapverdie,zomer,temperatuur,28.0
1,Kaapverdie,winter,temperatuur,24.333333333333332
2,Kaapverdie,herfst,temperatuur,27.0
3,Kaapverdie,lente,temperatuur,25.333333333333332
4,Kaapverdie,zomer,zonuren,6.666666666666667
5,Kaapverdie,winter,zonuren,8.0
6,Kaapverdie,herfst,zonuren,7.666666666666667
7,Kaapverdie,lente,zonuren,9.666666666666666
0,Kameroen,zomer,temperatuur,27.333333333333332
1,Kameroen,winter,temperatuur,30.333333333333332
2,Kameroen,herfst,temperatuur,28.666666666666668
3,Kameroen,lente,temperatuur,29.0
4,Kameroen,zomer,zonuren,3.3333333333333335
5,Kameroen,winter,zonuren,6.0
6,Kameroen,herfst,zonuren,5.333333333333333
7,Kameroen,lente,zonuren,5.333333333333333
0,Kazachstan,zomer,temperatuur,23.333333333333332
1,Kazachstan,winter,temperatuur,-9.666666666666666
2,Kazachstan,herfst,temperatuur,-0.6666666666666666
3,Kazachstan,lente,temperatuur,18.333333333333332
4,Kazachstan,zomer,zonuren,9.333333333333334
5,Kazachstan,winter,zonuren,4.666666666666667
6,Kazachstan,herfst,zonuren,3.3333333333333335
7,Kazachstan,lente,zonuren,9.666666666666666
0,Kenia,zomer,temperatuur,22.0
1,Kenia,winter,temperatuur,25.666666666666668
2,Kenia,herfst,temperatuur,24.0
3,Kenia,lente,temperatuur,23.0
4,Kenia,zomer,zonuren,4.666666666666667
5,Kenia,winter,zonuren,8.666666666666666
6,Kenia,herfst,zonuren,7.333333333333333
7,Kenia,lente,zonuren,6.0
0,Kirgizie,zomer,temperatuur,28.666666666666668
1,Kirgizie,winter,temperatuur,5.0
2,Kirgizie,herfst,temperatuur,10.666666666666666
3,Kirgizie,lente,temperatuur,23.0
4,Kirgizie,zomer,zonuren,10.0
5,Kirgizie,winter,zonuren,4.666666666666667
6,Kirgizie,herfst,zonuren,5.0
7,Kirgizie,lente,zonuren,9.0
0,Kiribati,zomer,temperatuur,31.0
1,Kiribati,winter,temperatuur,30.666666666666668
2,Kiribati,herfst,temperatuur,31.0
3,Kiribati,lente,temperatuur,31.0
4,Kiribati,zomer,zonuren,6.0
5,Kiribati,winter,zonuren,7.333333333333333
6,Kiribati,herfst,zonuren,6.0
7,Kiribati,lente,zonuren,6.666666666666667
0,Koeweit,zomer,temperatuur,44.0
1,Koeweit,winter,temperatuur,21.0
2,Koeweit,herfst,temperatuur,27.333333333333332
3,Koeweit,lente,temperatuur,37.666666666666664
4,Koeweit,zomer,zonuren,10.666666666666666
5,Koeweit,winter,zonuren,7.666666666666667
6,Koeweit,herfst,zonuren,8.0
7,Koeweit,lente,zonuren,9.333333333333334
0,Kosovo,zomer,temperatuur,25.333333333333332
1,Kosovo,winter,temperatuur,6.333333333333333
2,Kosovo,herfst,temperatuur,10.0
3,Kosovo,lente,temperatuur,20.333333333333332
4,Kosovo,zomer,zonuren,8.333333333333334
5,Kosovo,winter,zonuren,3.0
6,Kosovo,herfst,zonuren,3.3333333333333335
7,Kosovo,lente,zonuren,6.666666666666667
0,Kroatie,zomer,temperatuur,26.666666666666668
1,Kroatie,winter,temperatuur,10.666666666666666
2,Kroatie,herfst,temperatuur,15.0
3,Kroatie,lente,temperatuur,21.0
4,Kroatie,zomer,zonuren,9.333333333333334
5,Kroatie,winter,zonuren,3.3333333333333335
6,Kroatie,herfst,zonuren,4.333333333333333
7,Kroatie,lente,zonuren,8.0
0,Laos,zomer,temperatuur,32.0
1,Laos,winter,temperatuur,32.0
2,Laos,herfst,temperatuur,30.0
3,Laos,lente,temperatuur,34.333333333333336
4,Laos,zomer,zonuren,5.0
5,Laos,winter,zonuren,8.0
6,Laos,herfst,zonuren,8.0
7,Laos,lente,zonuren,6.666666666666667
0,Lesotho,zomer,temperatuur,19.333333333333332
1,Lesotho,winter,temperatuur,26.333333333333332
2,Lesotho,herfst,temperatuur,25.666666666666668
3,Lesotho,lente,temperatuur,18.333333333333332
4,Lesotho,zomer,zonuren,9.0
5,Lesotho,winter,zonuren,8.333333333333334
6,Lesotho,herfst,zonuren,9.333333333333334
7,Lesotho,lente,zonuren,8.0
0,Letland,zomer,temperatuur,19.666666666666668
1,Letland,winter,temperatuur,-1.0
2,Letland,herfst,temperatuur,4.0
3,Letland,lente,temperatuur,15.0
4,Letland,zomer,zonuren,7.0
5,Letland,winter,zonuren,2.3333333333333335
6,Letland,herfst,zonuren,1.6666666666666667
7,Letland,lente,zonuren,8.333333333333334
0,Libanon,zomer,temperatuur,29.666666666666668
1,Libanon,winter,temperatuur,16.333333333333332
2,Libanon,herfst,temperatuur,21.0
3,Libanon,lente,temperatuur,24.333333333333332
4,Libanon,zomer,zonuren,10.666666666666666
5,Libanon,winter,zonuren,6.0
6,Libanon,herfst,zonuren,6.666666666666667
7,Libanon,lente,zonuren,10.0
0,Liberia,zomer,temperatuur,28.333333333333332
1,Liberia,winter,temperatuur,31.666666666666668
2,Liberia,herfst,temperatuur,30.0
3,Liberia,lente,temperatuur,31.0
4,Liberia,zomer,zonuren,3.0
5,Liberia,winter,zonuren,6.0
6,Liberia,herfst,zonuren,5.666666666666667
7,Liberia,lente,zonuren,5.0
0,Liechtenstein,zomer,temperatuur,19.0
1,Liechtenstein,winter,temperatuur,1.6666666666666667
2,Liechtenstein,herfst,temperatuur,5.0
3,Liechtenstein,lente,temperatuur,11.666666666666666
4,Liechtenstein,zomer,zonuren,6.333333333333333
5,Liechtenstein,winter,zonuren,4.0
6,Liechtenstein,herfst,zonuren,3.6666666666666665
7,Liechtenstein,lente,zonuren,5.666666666666667
0,Litouwen,zomer,temperatuur,20.333333333333332
1,Litouwen,winter,temperatuur,-0.6666666666666666
2,Litouwen,herfst,temperatuur,4.333333333333333
3,Litouwen,lente,temperatuur,16.666666666666668
4,Litouwen,zomer,zonuren,6.666666666666667
5,Litouwen,winter,zonuren,2.6666666666666665
6,Litouwen,herfst,zonuren,1.6666666666666667
7,Litouwen,lente,zonuren,7.666666666666667
0,Luxemburg,zomer,temperatuur,21.333333333333332
1,Luxemburg,winter,temperatuur,5.666666666666667
2,Luxemburg,herfst,temperatuur,8.333333333333334
3,Luxemburg,lente,temperatuur,17.333333333333332
4,Luxemburg,zomer,zonuren,6.666666666666667
5,Luxemburg,winter,zonuren,2.6666666666666665
6,Luxemburg,herfst,zonuren,2.0
7,Luxemburg,lente,zonuren,6.666666666666667
0,Macau,zomer,temperatuur,31.0
1,Macau,winter,temperatuur,19.0
2,Macau,herfst,temperatuur,24.0
3,Macau,lente,temperatuur,28.0
4,Macau,zomer,zonuren,6.666666666666667
5,Macau,winter,zonuren,3.6666666666666665
6,Macau,herfst,zonuren,6.0
7,Macau,lente,zonuren,5.0
0,Macedonie,zomer,temperatuur,24.333333333333332
1,Macedonie,winter,temperatuur,4.333333333333333
2,Macedonie,herfst,temperatuur,7.0
3,Macedonie,lente,temperatuur,18.0
4,Macedonie,zomer,zonuren,8.333333333333334
5,Macedonie,winter,zonuren,3.0
6,Macedonie,herfst,zonuren,3.3333333333333335
7,Macedonie,lente,zonuren,7.0
0,Madagaskar,zomer,temperatuur,21.0
1,Madagaskar,winter,temperatuur,25.666666666666668
2,Madagaskar,herfst,temperatuur,25.666666666666668
3,Madagaskar,lente,temperatuur,23.0
4,Madagaskar,zomer,zonuren,7.333333333333333
5,Madagaskar,winter,zonuren,6.333333333333333
6,Madagaskar,herfst,zonuren,7.333333333333333
7,Madagaskar,lente,zonuren,7.0
0,Malawi,zomer,temperatuur,25.666666666666668
1,Malawi,winter,temperatuur,27.0
2,Malawi,herfst,temperatuur,29.333333333333332
3,Malawi,lente,temperatuur,25.666666666666668
4,Malawi,zomer,zonuren,9.0
5,Malawi,winter,zonuren,5.666666666666667
6,Malawi,herfst,zonuren,7.666666666666667
7,Malawi,lente,zonuren,8.333333333333334
0,Maldiven,zomer,temperatuur,30.333333333333332
1,Maldiven,winter,temperatuur,30.0
2,Maldiven,herfst,temperatuur,29.333333333333332
3,Maldiven,lente,temperatuur,31.333333333333332
4,Maldiven,zomer,zonuren,7.0
5,Maldiven,winter,zonuren,8.666666666666666
6,Maldiven,herfst,zonuren,7.666666666666667
7,Maldiven,lente,zonuren,7.666666666666667
0,Maleisie,zomer,temperatuur,31.0
1,Maleisie,winter,temperatuur,33.666666666666664
2,Maleisie,herfst,temperatuur,31.666666666666668
3,Maleisie,lente,temperatuur,32.666666666666664
4,Maleisie,zomer,zonuren,6.0
5,Maleisie,winter,zonuren,8.0
6,Maleisie,herfst,zonuren,6.333333333333333
7,Maleisie,lente,zonuren,7.0
0,Mali,zomer,temperatuur,32.0
1,Mali,winter,temperatuur,35.666666666666664
2,Mali,herfst,temperatuur,34.0
3,Mali,lente,temperatuur,37.333333333333336
4,Mali,zomer,zonuren,7.0
5,Mali,winter,zonuren,9.0
6,Mali,herfst,zonuren,8.666666666666666
7,Mali,lente,zonuren,8.0
0,Malta,zomer,temperatuur,30.0
1,Malta,winter,temperatuur,15.666666666666666
2,Malta,herfst,temperatuur,20.333333333333332
3,Malta,lente,temperatuur,23.0
4,Malta,zomer,zonuren,10.666666666666666
5,Malta,winter,zonuren,6.0
6,Malta,herfst,zonuren,6.0
7,Malta,lente,zonuren,9.666666666666666
0,Marokko,zomer,temperatuur,34.666666666666664
1,Marokko,winter,temperatuur,20.0
2,Marokko,herfst,temperatuur,22.666666666666668
3,Marokko,lente,temperatuur,28.0
4,Marokko,zomer,zonuren,10.0
5,Marokko,winter,zonuren,7.333333333333333
6,Marokko,herfst,zonuren,7.333333333333333
7,Marokko,lente,zonuren,9.666666666666666
0,Marshalleilanden,zomer,temperatuur,30.0
1,Marshalleilanden,winter,temperatuur,30.0
2,Marshalleilanden,herfst,temperatuur,30.0
3,Marshalleilanden,lente,temperatuur,30.0
4,Marshalleilanden,zomer,zonuren,7.333333333333333
5,Marshalleilanden,winter,zonuren,7.666666666666667
6,Marshalleilanden,herfst,zonuren,6.333333333333333
7,Marshalleilanden,lente,zonuren,7.0
0,Martinique,zomer,temperatuur,30.666666666666668
1,Martinique,winter,temperatuur,28.0
2,Martinique,herfst,temperatuur,29.0
3,Martinique,lente,temperatuur,29.666666666666668
4,Martinique,zomer,zonuren,7.666666666666667
5,Martinique,winter,zonuren,8.0
6,Martinique,herfst,zonuren,7.333333333333333
7,Martinique,lente,zonuren,7.666666666666667
0,Mauritanie,zomer,temperatuur,33.666666666666664
1,Mauritanie,winter,temperatuur,30.666666666666668
2,Mauritanie,herfst,temperatuur,33.666666666666664
3,Mauritanie,lente,temperatuur,35.0
4,Mauritanie,zomer,zonuren,8.0
5,Mauritanie,winter,zonuren,8.333333333333334
6,Mauritanie,herfst,zonuren,7.666666666666667
7,Mauritanie,lente,zonuren,8.666666666666666
0,Mauritius,zomer,temperatuur,25.333333333333332
1,Mauritius,winter,temperatuur,30.0
2,Mauritius,herfst,temperatuur,28.666666666666668
3,Mauritius,lente,temperatuur,27.0
4,Mauritius,zomer,zonuren,7.333333333333333
5,Mauritius,winter,zonuren,7.666666666666667
6,Mauritius,herfst,zonuren,9.0
7,Mauritius,lente,zonuren,7.666666666666667
0,Mayotte,zomer,temperatuur,26.0
1,Mayotte,winter,temperatuur,28.0
2,Mayotte,herfst,temperatuur,27.666666666666668
3,Mayotte,lente,temperatuur,27.333333333333332
4,Mayotte,zomer,zonuren,9.666666666666666
5,Mayotte,winter,zonuren,7.0
6,Mayotte,herfst,zonuren,9.333333333333334
7,Mayotte,lente,zonuren,9.0
0,Mexico,zomer,temperatuur,32.666666666666664
1,Mexico,winter,temperatuur,29.0
2,Mexico,herfst,temperatuur,29.333333333333332
3,Mexico,lente,temperatuur,32.0
4,Mexico,zomer,zonuren,6.666666666666667
5,Mexico,winter,zonuren,7.0
6,Mexico,herfst,zonuren,6.333333333333333
7,Mexico,lente,zonuren,7.666666666666667
0,Micronesia,zomer,temperatuur,30.666666666666668
1,Micronesia,winter,temperatuur,30.0
2,Micronesia,herfst,temperatuur,30.666666666666668
3,Micronesia,lente,temperatuur,30.0
4,Micronesia,zomer,zonuren,5.666666666666667
5,Micronesia,winter,zonuren,5.333333333333333
6,Micronesia,herfst,zonuren,5.0
7,Micronesia,lente,zonuren,5.333333333333333
0,Moldavie,zomer,temperatuur,25.333333333333332
1,Moldavie,winter,temperatuur,3.0
2,Moldavie,herfst,temperatuur,9.0
3,Moldavie,lente,temperatuur,21.0
4,Moldavie,zomer,zonuren,9.0
5,Moldavie,winter,zonuren,3.0
6,Moldavie,herfst,zonuren,3.3333333333333335
7,Moldavie,lente,zonuren,7.666666666666667
0,Monaco,zomer,temperatuur,26.333333333333332
1,Monaco,winter,temperatuur,11.0
2,Monaco,herfst,temperatuur,14.666666666666666
3,Monaco,lente,temperatuur,21.0
4,Monaco,zomer,zonuren,8.666666666666666
5,Monaco,winter,zonuren,5.333333333333333
6,Monaco,herfst,zonuren,5.333333333333333
7,Monaco,lente,zonuren,8.0
0,Mongolie,zomer,temperatuur,23.333333333333332
1,Mongolie,winter,temperatuur,-10.333333333333334
2,Mongolie,herfst,temperatuur,-4.0
3,Mongolie,lente,temperatuur,15.666666666666666
4,Mongolie,zomer,zonuren,8.333333333333334
5,Mongolie,winter,zonuren,7.333333333333333
6,Mongolie,herfst,zonuren,6.0
7,Mongolie,lente,zonuren,9.333333333333334
0,Montenegro,zomer,temperatuur,27.666666666666668
1,Montenegro,winter,temperatuur,10.0
2,Montenegro,herfst,temperatuur,14.333333333333334
3,Montenegro,lente,temperatuur,21.333333333333332
4,Montenegro,zomer,zonuren,9.666666666666666
5,Montenegro,winter,zonuren,4.333333333333333
6,Montenegro,herfst,zonuren,4.333333333333333
7,Montenegro,lente,zonuren,7.666666666666667
0,Montserrat,zomer,temperatuur,30.0
1,Montserrat,winter,temperatuur,27.0
2,Montserrat,herfst,temperatuur,28.666666666666668
3,Montserrat,lente,temperatuur,28.666666666666668
4,Montserrat,zomer,zonuren,7.666666666666667
5,Montserrat,winter,zonuren,8.0
6,Montserrat,herfst,zonuren,7.0
7,Montserrat,lente,zonuren,8.0
0,Mozambique,zomer,temperatuur,26.0
1,Mozambique,winter,temperatuur,30.666666666666668
2,Mozambique,herfst,temperatuur,28.666666666666668
3,Mozambique,lente,temperatuur,27.0
4,Mozambique,zomer,zonuren,8.0
5,Mozambique,winter,zonuren,8.0
6,Mozambique,herfst,zonuren,7.333333333333333
7,Mozambique,lente,zonuren,8.0
0,Myanmar,zomer,temperatuur,30.0
1,Myanmar,winter,temperatuur,34.333333333333336
2,Myanmar,herfst,temperatuur,32.0
3,Myanmar,lente,temperatuur,33.333333333333336
4,Myanmar,zomer,zonuren,4.333333333333333
5,Myanmar,winter,zonuren,9.666666666666666
6,Myanmar,herfst,zonuren,7.666666666666667
7,Myanmar,lente,zonuren,6.666666666666667
0,Namibie,zomer,temperatuur,23.666666666666668
1,Namibie,winter,temperatuur,29.0
2,Namibie,herfst,temperatuur,30.0
3,Namibie,lente,temperatuur,23.333333333333332
4,Namibie,zomer,zonuren,10.666666666666666
5,Namibie,winter,zonuren,8.666666666666666
6,Namibie,herfst,zonuren,10.0
7,Namibie,lente,zonuren,9.666666666666666
0,Nauru,zomer,temperatuur,31.0
1,Nauru,winter,temperatuur,31.0
2,Nauru,herfst,temperatuur,31.0
3,Nauru,lente,temperatuur,31.0
4,Nauru,zomer,zonuren,5.666666666666667
5,Nauru,winter,zonuren,6.0
6,Nauru,herfst,zonuren,5.666666666666667
7,Nauru,lente,zonuren,7.0
0,Nederland,zomer,temperatuur,21.0
1,Nederland,winter,temperatuur,7.0
2,Nederland,herfst,temperatuur,9.666666666666666
3,Nederland,lente,temperatuur,17.0
4,Nederland,zomer,zonuren,6.333333333333333
5,Nederland,winter,zonuren,3.0
6,Nederland,herfst,zonuren,2.6666666666666665
7,Nederland,lente,zonuren,6.0
0,Nepal,zomer,temperatuur,28.0
1,Nepal,winter,temperatuur,20.333333333333332
2,Nepal,herfst,temperatuur,22.666666666666668
3,Nepal,lente,temperatuur,28.333333333333332
4,Nepal,zomer,zonuren,3.3333333333333335
5,Nepal,winter,zonuren,6.666666666666667
6,Nepal,herfst,zonuren,5.333333333333333
7,Nepal,lente,zonuren,6.666666666666667
0,Nicaragua,zomer,temperatuur,30.333333333333332
1,Nicaragua,winter,temperatuur,32.666666666666664
2,Nicaragua,herfst,temperatuur,30.333333333333332
3,Nicaragua,lente,temperatuur,33.0
4,Nicaragua,zomer,zonuren,7.0
5,Nicaragua,winter,zonuren,8.666666666666666
6,Nicaragua,herfst,zonuren,6.666666666666667
7,Nicaragua,lente,zonuren,7.666666666666667
0,Nieuw-Caledonie,zomer,temperatuur,23.333333333333332
1,Nieuw-Caledonie,winter,temperatuur,29.0
2,Nieuw-Caledonie,herfst,temperatuur,27.0
3,Nieuw-Caledonie,lente,temperatuur,25.333333333333332
4,Nieuw-Caledonie,zomer,zonuren,6.666666666666667
5,Nieuw-Caledonie,winter,zonuren,6.666666666666667
6,Nieuw-Caledonie,herfst,zonuren,8.0
7,Nieuw-Caledonie,lente,zonuren,6.0
0,NieuwZeeland,zomer,temperatuur,14.0
1,NieuwZeeland,winter,temperatuur,22.0
2,NieuwZeeland,herfst,temperatuur,19.0
3,NieuwZeeland,lente,temperatuur,16.0
4,NieuwZeeland,zomer,zonuren,5.0
5,NieuwZeeland,winter,zonuren,7.333333333333333
6,NieuwZeeland,herfst,zonuren,7.333333333333333
7,NieuwZeeland,lente,zonuren,5.0
0,Niger,zomer,temperatuur,34.333333333333336
1,Niger,winter,temperatuur,35.333333333333336
2,Niger,herfst,temperatuur,36.333333333333336
3,Niger,lente,temperatuur,40.333333333333336
4,Niger,zomer,zonuren,7.666666666666667
5,Niger,winter,zonuren,9.0
6,Niger,herfst,zonuren,8.666666666666666
7,Niger,lente,zonuren,7.666666666666667
0,Nigeria,zomer,temperatuur,28.333333333333332
1,Nigeria,winter,temperatuur,34.333333333333336
2,Nigeria,herfst,temperatuur,32.333333333333336
3,Nigeria,lente,temperatuur,32.0
4,Nigeria,zomer,zonuren,5.333333333333333
5,Nigeria,winter,zonuren,7.666666666666667
6,Nigeria,herfst,zonuren,8.666666666666666
7,Nigeria,lente,zonuren,6.666666666666667
0,Niue,zomer,temperatuur,25.666666666666668
1,Niue,winter,temperatuur,29.0
2,Niue,herfst,temperatuur,27.333333333333332
3,Niue,lente,temperatuur,27.0
4,Niue,zomer,zonuren,7.333333333333333
5,Niue,winter,zonuren,5.666666666666667
6,Niue,herfst,zonuren,6.333333333333333
7,Niue,lente,zonuren,6.666666666666667
0,Noord-Ierland,zomer,temperatuur,17.666666666666668
1,Noord-Ierland,winter,temperatuur,7.333333333333333
2,Noord-Ierland,herfst,temperatuur,9.666666666666666
3,Noord-Ierland,lente,temperatuur,14.0
4,Noord-Ierland,zomer,zonuren,4.666666666666667
5,Noord-Ierland,winter,zonuren,2.3333333333333335
6,Noord-Ierland,herfst,zonuren,2.0
7,Noord-Ierland,lente,zonuren,5.666666666666667
0,Noord-Korea,zomer,temperatuur,27.666666666666668
1,Noord-Korea,winter,temperatuur,1.3333333333333333
2,Noord-Korea,herfst,temperatuur,9.0
3,Noord-Korea,lente,temperatuur,21.666666666666668
4,Noord-Korea,zomer,zonuren,6.666666666666667
5,Noord-Korea,winter,zonuren,6.666666666666667
6,Noord-Korea,herfst,zonuren,6.0
7,Noord-Korea,lente,zonuren,8.0
0,Noordelijke-Marianen,zomer,temperatuur,31.0
1,Noordelijke-Marianen,winter,temperatuur,29.0
2,Noordelijke-Marianen,herfst,temperatuur,30.333333333333332
3,Noordelijke-Marianen,lente,temperatuur,30.666666666666668
4,Noordelijke-Marianen,zomer,zonuren,5.333333333333333
5,Noordelijke-Marianen,winter,zonuren,6.333333333333333
6,Noordelijke-Marianen,herfst,zonuren,5.0
7,Noordelijke-Marianen,lente,zonuren,7.0
0,Noorwegen,zomer,temperatuur,17.666666666666668
1,Noorwegen,winter,temperatuur,0.6666666666666666
2,Noorwegen,herfst,temperatuur,4.0
3,Noorwegen,lente,temperatuur,13.666666666666666
4,Noorwegen,zomer,zonuren,6.0
5,Noorwegen,winter,zonuren,2.0
6,Noorwegen,herfst,zonuren,2.0
7,Noorwegen,lente,zonuren,6.666666666666667
0,Norfolk,zomer,temperatuur,18.333333333333332
1,Norfolk,winter,temperatuur,24.333333333333332
2,Norfolk,herfst,temperatuur,21.666666666666668
3,Norfolk,lente,temperatuur,21.0
4,Norfolk,zomer,zonuren,6.333333333333333
5,Norfolk,winter,zonuren,7.0
6,Norfolk,herfst,zonuren,7.666666666666667
7,Norfolk,lente,zonuren,5.666666666666667
0,Oeganda,zomer,temperatuur,27.0
1,Oeganda,winter,temperatuur,28.666666666666668
2,Oeganda,herfst,temperatuur,28.0
3,Oeganda,lente,temperatuur,27.333333333333332
4,Oeganda,zomer,zonuren,7.0
5,Oeganda,winter,zonuren,6.666666666666667
6,Oeganda,herfst,zonuren,7.0
7,Oeganda,lente,zonuren,6.666666666666667
0,Oekraine,zomer,temperatuur,25.0
1,Oekraine,winter,temperatuur,0.6666666666666666
2,Oekraine,herfst,temperatuur,6.666666666666667
3,Oekraine,lente,temperatuur,20.333333333333332
4,Oekraine,zomer,zonuren,8.666666666666666
5,Oekraine,winter,zonuren,3.0
6,Oekraine,herfst,zonuren,2.6666666666666665
7,Oekraine,lente,zonuren,7.666666666666667
0,Oezbekistan,zomer,temperatuur,33.0
1,Oezbekistan,winter,temperatuur,9.333333333333334
2,Oezbekistan,herfst,temperatuur,14.666666666666666
3,Oezbekistan,lente,temperatuur,27.333333333333332
4,Oezbekistan,zomer,zonuren,11.666666666666666
5,Oezbekistan,winter,zonuren,4.333333333333333
6,Oezbekistan,herfst,zonuren,5.0
7,Oezbekistan,lente,zonuren,9.666666666666666
0,Oman,zomer,temperatuur,37.666666666666664
1,Oman,winter,temperatuur,27.666666666666668
2,Oman,herfst,temperatuur,30.666666666666668
3,Oman,lente,temperatuur,38.0
4,Oman,zomer,zonuren,9.333333333333334
5,Oman,winter,zonuren,9.0
6,Oman,herfst,zonuren,9.666666666666666
7,Oman,lente,zonuren,10.666666666666666
0,Oost-Timor,zomer,temperatuur,28.333333333333332
1,Oost-Timor,winter,temperatuur,29.0
2,Oost-Timor,herfst,temperatuur,29.333333333333332
3,Oost-Timor,lente,temperatuur,29.0
4,Oost-Timor,zomer,zonuren,8.666666666666666
5,Oost-Timor,winter,zonuren,6.333333333333333
6,Oost-Timor,herfst,zonuren,8.333333333333334
7,Oost-Timor,lente,zonuren,8.0
0,Oostenrijk,zomer,temperatuur,22.666666666666668
1,Oostenrijk,winter,temperatuur,4.666666666666667
2,Oostenrijk,herfst,temperatuur,7.0
3,Oostenrijk,lente,temperatuur,18.333333333333332
4,Oostenrijk,zomer,zonuren,7.333333333333333
5,Oostenrijk,winter,zonuren,3.6666666666666665
6,Oostenrijk,herfst,zonuren,3.0
7,Oostenrijk,lente,zonuren,6.666666666666667
0,Pakistan,zomer,temperatuur,33.666666666666664
1,Pakistan,winter,temperatuur,20.0
2,Pakistan,herfst,temperatuur,25.333333333333332
3,Pakistan,lente,temperatuur,34.666666666666664
4,Pakistan,zomer,zonuren,8.666666666666666
5,Pakistan,winter,zonuren,6.333333333333333
6,Pakistan,herfst,zonuren,8.0
7,Pakistan,lente,zonuren,9.333333333333334
0,Palau,zomer,temperatuur,31.0
1,Palau,winter,temperatuur,31.0
2,Palau,herfst,temperatuur,31.0
3,Palau,lente,temperatuur,31.0
4,Palau,zomer,zonuren,6.0
5,Palau,winter,zonuren,7.333333333333333
6,Palau,herfst,zonuren,6.0
7,Palau,lente,zonuren,7.0
0,PalestijnseGebieden,zomer,temperatuur,30.0
1,PalestijnseGebieden,winter,temperatuur,14.666666666666666
2,PalestijnseGebieden,herfst,temperatuur,19.666666666666668
3,PalestijnseGebieden,lente,temperatuur,26.0
4,PalestijnseGebieden,zomer,zonuren,12.0
5,PalestijnseGebieden,winter,zonuren,7.0
6,PalestijnseGebieden,herfst,zonuren,7.666666666666667
7,PalestijnseGebieden,lente,zonuren,11.0
0,Panama,zomer,temperatuur,30.333333333333332
1,Panama,winter,temperatuur,31.0
2,Panama,herfst,temperatuur,28.666666666666668
3,Panama,lente,temperatuur,32.0
4,Panama,zomer,zonuren,5.666666666666667
5,Panama,winter,zonuren,7.666666666666667
6,Panama,herfst,zonuren,6.0
7,Panama,lente,zonuren,7.333333333333333
0,Papoea-Nieuw-Guinea,zomer,temperatuur,29.333333333333332
1,Papoea-Nieuw-Guinea,winter,temperatuur,31.0
2,Papoea-Nieuw-Guinea,herfst,temperatuur,31.0
3,Papoea-Nieuw-Guinea,lente,temperatuur,29.666666666666668
4,Papoea-Nieuw-Guinea,zomer,zonuren,6.666666666666667
5,Papoea-Nieuw-Guinea,winter,zonuren,6.0
6,Papoea-Nieuw-Guinea,herfst,zonuren,6.666666666666667
7,Papoea-Nieuw-Guinea,lente,zonuren,6.0
0,Paraguay,zomer,temperatuur,24.333333333333332
1,Paraguay,winter,temperatuur,32.666666666666664
2,Paraguay,herfst,temperatuur,30.666666666666668
3,Paraguay,lente,temperatuur,25.333333333333332
4,Paraguay,zomer,zonuren,6.666666666666667
5,Paraguay,winter,zonuren,8.666666666666666
6,Paraguay,herfst,zonuren,8.666666666666666
7,Paraguay,lente,zonuren,7.0
0,Peru,zomer,temperatuur,18.666666666666668
1,Peru,winter,temperatuur,26.333333333333332
2,Peru,herfst,temperatuur,22.0
3,Peru,lente,temperatuur,22.0
4,Peru,zomer,zonuren,1.3333333333333333
5,Peru,winter,zonuren,6.666666666666667
6,Peru,herfst,zonuren,4.0
7,Peru,lente,zonuren,4.666666666666667
0,Pitcairneilanden,zomer,temperatuur,24.333333333333332
1,Pitcairneilanden,winter,temperatuur,27.666666666666668
2,Pitcairneilanden,herfst,temperatuur,27.0
3,Pitcairneilanden,lente,temperatuur,26.0
4,Pitcairneilanden,zomer,zonuren,7.333333333333333
5,Pitcairneilanden,winter,zonuren,7.666666666666667
6,Pitcairneilanden,herfst,zonuren,6.666666666666667
7,Pitcairneilanden,lente,zonuren,7.333333333333333
0,Polen,zomer,temperatuur,21.666666666666668
1,Polen,winter,temperatuur,2.0
2,Polen,herfst,temperatuur,6.666666666666667
3,Polen,lente,temperatuur,18.0
4,Polen,zomer,zonuren,6.666666666666667
5,Polen,winter,zonuren,2.3333333333333335
6,Polen,herfst,zonuren,2.0
7,Polen,lente,zonuren,6.666666666666667
0,Portugal,zomer,temperatuur,27.666666666666668
1,Portugal,winter,temperatuur,16.333333333333332
2,Portugal,herfst,temperatuur,18.666666666666668
3,Portugal,lente,temperatuur,22.0
4,Portugal,zomer,zonuren,10.333333333333334
5,Portugal,winter,zonuren,5.666666666666667
6,Portugal,herfst,zonuren,5.666666666666667
7,Portugal,lente,zonuren,9.0
0,PuertoRico,zomer,temperatuur,30.0
1,PuertoRico,winter,temperatuur,27.0
2,PuertoRico,herfst,temperatuur,28.0
3,PuertoRico,lente,temperatuur,28.666666666666668
4,PuertoRico,zomer,zonuren,8.666666666666666
5,PuertoRico,winter,zonuren,8.333333333333334
6,PuertoRico,herfst,zonuren,7.0
7,PuertoRico,lente,zonuren,8.666666666666666
0,Qatar,zomer,temperatuur,40.333333333333336
1,Qatar,winter,temperatuur,24.0
2,Qatar,herfst,temperatuur,29.333333333333332
3,Qatar,lente,temperatuur,36.666666666666664
4,Qatar,zomer,zonuren,10.666666666666666
5,Qatar,winter,zonuren,8.0
6,Qatar,herfst,zonuren,9.0
7,Qatar,lente,zonuren,10.333333333333334
0,Reunion,zomer,temperatuur,22.666666666666668
1,Reunion,winter,temperatuur,29.333333333333332
2,Reunion,herfst,temperatuur,27.0
3,Reunion,lente,temperatuur,25.333333333333332
4,Reunion,zomer,zonuren,6.333333333333333
5,Reunion,winter,zonuren,6.666666666666667
6,Reunion,herfst,zonuren,7.333333333333333
7,Reunion,lente,zonuren,6.333333333333333
0,Roemenie,zomer,temperatuur,27.333333333333332
1,Roemenie,winter,temperatuur,5.0
2,Roemenie,herfst,temperatuur,10.666666666666666
3,Roemenie,lente,temperatuur,21.333333333333332
4,Roemenie,zomer,zonuren,8.333333333333334
5,Roemenie,winter,zonuren,3.3333333333333335
6,Roemenie,herfst,zonuren,3.3333333333333335
7,Roemenie,lente,zonuren,7.666666666666667
0,Rusland,zomer,temperatuur,20.333333333333332
1,Rusland,winter,temperatuur,-3.3333333333333335
2,Rusland,herfst,temperatuur,1.6666666666666667
3,Rusland,lente,temperatuur,17.0
4,Rusland,zomer,zonuren,7.333333333333333
5,Rusland,winter,zonuren,2.6666666666666665
6,Rusland,herfst,zonuren,1.6666666666666667
7,Rusland,lente,zonuren,8.0
0,Rwanda,zomer,temperatuur,26.0
1,Rwanda,winter,temperatuur,26.0
2,Rwanda,herfst,temperatuur,25.333333333333332
3,Rwanda,lente,temperatuur,25.333333333333332
4,Rwanda,zomer,zonuren,6.333333333333333
5,Rwanda,winter,zonuren,5.333333333333333
6,Rwanda,herfst,zonuren,5.0
7,Rwanda,lente,zonuren,5.666666666666667
0,Sao-Tome-en-Principe,zomer,temperatuur,27.0
1,Sao-Tome-en-Principe,winter,temperatuur,29.333333333333332
2,Sao-Tome-en-Principe,herfst,temperatuur,27.666666666666668
3,Sao-Tome-en-Principe,lente,temperatuur,28.333333333333332
4,Sao-Tome-en-Principe,zomer,zonuren,4.0
5,Sao-Tome-en-Principe,winter,zonuren,3.6666666666666665
6,Sao-Tome-en-Principe,herfst,zonuren,3.0
7,Sao-Tome-en-Principe,lente,zonuren,4.333333333333333
0,Saint-Barthelemy,zomer,temperatuur,31.0
1,Saint-Barthelemy,winter,temperatuur,29.0
2,Saint-Barthelemy,herfst,temperatuur,30.0
3,Saint-Barthelemy,lente,temperatuur,30.333333333333332
4,Saint-Barthelemy,zomer,zonuren,8.333333333333334
5,Saint-Barthelemy,winter,zonuren,8.333333333333334
6,Saint-Barthelemy,herfst,zonuren,8.0
7,Saint-Barthelemy,lente,zonuren,8.333333333333334
0,Saint-Kitts-en-Nevis,zomer,temperatuur,31.333333333333332
1,Saint-Kitts-en-Nevis,winter,temperatuur,27.333333333333332
2,Saint-Kitts-en-Nevis,herfst,temperatuur,29.333333333333332
3,Saint-Kitts-en-Nevis,lente,temperatuur,29.333333333333332
4,Saint-Kitts-en-Nevis,zomer,zonuren,7.666666666666667
5,Saint-Kitts-en-Nevis,winter,zonuren,7.0
6,Saint-Kitts-en-Nevis,herfst,zonuren,7.333333333333333
7,Saint-Kitts-en-Nevis,lente,zonuren,7.666666666666667
0,Saint-Lucia,zomer,temperatuur,30.0
1,Saint-Lucia,winter,temperatuur,28.0
2,Saint-Lucia,herfst,temperatuur,29.0
3,Saint-Lucia,lente,temperatuur,29.666666666666668
4,Saint-Lucia,zomer,zonuren,8.0
5,Saint-Lucia,winter,zonuren,8.0
6,Saint-Lucia,herfst,zonuren,7.666666666666667
7,Saint-Lucia,lente,zonuren,8.0
0,Saint-Martin,zomer,temperatuur,31.0
1,Saint-Martin,winter,temperatuur,29.333333333333332
2,Saint-Martin,herfst,temperatuur,30.0
3,Saint-Martin,lente,temperatuur,30.666666666666668
4,Saint-Martin,zomer,zonuren,8.666666666666666
5,Saint-Martin,winter,zonuren,8.333333333333334
6,Saint-Martin,herfst,zonuren,8.0
7,Saint-Martin,lente,zonuren,8.333333333333334
0,Saint-Pierre-en-Miquelon,zomer,temperatuur,17.333333333333332
1,Saint-Pierre-en-Miquelon,winter,temperatuur,0.3333333333333333
2,Saint-Pierre-en-Miquelon,herfst,temperatuur,7.333333333333333
3,Saint-Pierre-en-Miquelon,lente,temperatuur,8.666666666666666
4,Saint-Pierre-en-Miquelon,zomer,zonuren,5.0
5,Saint-Pierre-en-Miquelon,winter,zonuren,3.0
6,Saint-Pierre-en-Miquelon,herfst,zonuren,2.6666666666666665
7,Saint-Pierre-en-Miquelon,lente,zonuren,5.333333333333333
0,Saint-Vincent-en-de-Grenadines,zomer,temperatuur,29.0
1,Saint-Vincent-en-de-Grenadines,winter,temperatuur,27.666666666666668
2,Saint-Vincent-en-de-Grenadines,herfst,temperatuur,28.666666666666668
3,Saint-Vincent-en-de-Grenadines,lente,temperatuur,29.333333333333332
4,Saint-Vincent-en-de-Grenadines,zomer,zonuren,7.666666666666667
5,Saint-Vincent-en-de-Grenadines,winter,zonuren,8.0
6,Saint-Vincent-en-de-Grenadines,herfst,zonuren,7.666666666666667
7,Saint-Vincent-en-de-Grenadines,lente,zonuren,7.666666666666667
0,Salomonseilanden,zomer,temperatuur,29.666666666666668
1,Salomonseilanden,winter,temperatuur,30.333333333333332
2,Salomonseilanden,herfst,temperatuur,30.333333333333332
3,Salomonseilanden,lente,temperatuur,30.0
4,Salomonseilanden,zomer,zonuren,5.666666666666667
5,Salomonseilanden,winter,zonuren,5.666666666666667
6,Salomonseilanden,herfst,zonuren,6.0
7,Salomonseilanden,lente,zonuren,6.0
0,Samoa,zomer,temperatuur,29.0
1,Samoa,winter,temperatuur,30.0
2,Samoa,herfst,temperatuur,30.0
3,Samoa,lente,temperatuur,29.666666666666668
4,Samoa,zomer,zonuren,7.0
5,Samoa,winter,zonuren,5.666666666666667
6,Samoa,herfst,zonuren,5.666666666666667
7,Samoa,lente,zonuren,6.333333333333333
0,San-Marino,zomer,temperatuur,27.333333333333332
1,San-Marino,winter,temperatuur,9.0
2,San-Marino,herfst,temperatuur,13.0
3,San-Marino,lente,temperatuur,21.666666666666668
4,San-Marino,zomer,zonuren,8.666666666666666
5,San-Marino,winter,zonuren,4.0
6,San-Marino,herfst,zonuren,3.6666666666666665
7,San-Marino,lente,zonuren,7.666666666666667
0,Saudi-Arabie,zomer,temperatuur,42.0
1,Saudi-Arabie,winter,temperatuur,23.666666666666668
2,Saudi-Arabie,herfst,temperatuur,28.333333333333332
3,Saudi-Arabie,lente,temperatuur,38.0
4,Saudi-Arabie,zomer,zonuren,10.0
5,Saudi-Arabie,winter,zonuren,8.0
6,Saudi-Arabie,herfst,zonuren,9.0
7,Saudi-Arabie,lente,zonuren,10.0
0,Schotland,zomer,temperatuur,16.333333333333332
1,Schotland,winter,temperatuur,5.0
2,Schotland,herfst,temperatuur,6.666666666666667
3,Schotland,lente,temperatuur,13.666666666666666
4,Schotland,zomer,zonuren,4.666666666666667
5,Schotland,winter,zonuren,1.3333333333333333
6,Schotland,herfst,zonuren,1.3333333333333333
7,Schotland,lente,zonuren,5.333333333333333
0,Senegal,zomer,temperatuur,30.333333333333332
1,Senegal,winter,temperatuur,27.0
2,Senegal,herfst,temperatuur,29.666666666666668
3,Senegal,lente,temperatuur,28.666666666666668
4,Senegal,zomer,zonuren,7.333333333333333
5,Senegal,winter,zonuren,8.666666666666666
6,Senegal,herfst,zonuren,8.0
7,Senegal,lente,zonuren,9.0
0,Servie,zomer,temperatuur,26.0
1,Servie,winter,temperatuur,7.333333333333333
2,Servie,herfst,temperatuur,11.333333333333334
3,Servie,lente,temperatuur,21.333333333333332
4,Servie,zomer,zonuren,8.333333333333334
5,Servie,winter,zonuren,3.3333333333333335
6,Servie,herfst,zonuren,3.3333333333333335
7,Servie,lente,zonuren,7.0
0,Seychellen,zomer,temperatuur,27.333333333333332
1,Seychellen,winter,temperatuur,29.333333333333332
2,Seychellen,herfst,temperatuur,29.0
3,Seychellen,lente,temperatuur,29.0
4,Seychellen,zomer,zonuren,7.666666666666667
5,Seychellen,winter,zonuren,6.0
6,Seychellen,herfst,zonuren,6.666666666666667
7,Seychellen,lente,zonuren,8.0
0,SierraLeone,zomer,temperatuur,27.333333333333332
1,SierraLeone,winter,temperatuur,30.0
2,SierraLeone,herfst,temperatuur,29.0
3,SierraLeone,lente,temperatuur,29.666666666666668
4,SierraLeone,zomer,zonuren,3.3333333333333335
5,SierraLeone,winter,zonuren,7.666666666666667
6,SierraLeone,herfst,zonuren,6.666666666666667
7,SierraLeone,lente,zonuren,6.0
0,Singapore,zomer,temperatuur,30.333333333333332
1,Singapore,winter,temperatuur,30.666666666666668
2,Singapore,herfst,temperatuur,29.666666666666668
3,Singapore,lente,temperatuur,31.0
4,Singapore,zomer,zonuren,6.333333333333333
5,Singapore,winter,zonuren,5.666666666666667
6,Singapore,herfst,zonuren,5.333333333333333
7,Singapore,lente,zonuren,6.333333333333333
0,Sint-Maarten,zomer,temperatuur,31.0
1,Sint-Maarten,winter,temperatuur,29.333333333333332
2,Sint-Maarten,herfst,temperatuur,30.0
3,Sint-Maarten,lente,temperatuur,30.666666666666668
4,Sint-Maarten,zomer,zonuren,8.666666666666666
5,Sint-Maarten,winter,zonuren,8.333333333333334
6,Sint-Maarten,herfst,zonuren,8.0
7,Sint-Maarten,lente,zonuren,8.333333333333334
0,Slovenie,zomer,temperatuur,24.333333333333332
1,Slovenie,winter,temperatuur,6.0
2,Slovenie,herfst,temperatuur,9.0
3,Slovenie,lente,temperatuur,19.333333333333332
4,Slovenie,zomer,zonuren,7.666666666666667
5,Slovenie,winter,zonuren,3.6666666666666665
6,Slovenie,herfst,zonuren,2.6666666666666665
7,Slovenie,lente,zonuren,7.0
0,Slowakije,zomer,temperatuur,23.666666666666668
1,Slowakije,winter,temperatuur,4.0
2,Slowakije,herfst,temperatuur,8.0
3,Slowakije,lente,temperatuur,19.333333333333332
4,Slowakije,zomer,zonuren,8.0
5,Slowakije,winter,zonuren,3.3333333333333335
6,Slowakije,herfst,zonuren,3.6666666666666665
7,Slowakije,lente,zonuren,8.0
0,Soedan,zomer,temperatuur,38.0
1,Soedan,winter,temperatuur,33.666666666666664
2,Soedan,herfst,temperatuur,35.333333333333336
3,Soedan,lente,temperatuur,41.0
4,Soedan,zomer,zonuren,9.0
5,Soedan,winter,zonuren,10.0
6,Soedan,herfst,zonuren,10.0
7,Soedan,lente,zonuren,10.0
0,Somalie,zomer,temperatuur,30.0
1,Somalie,winter,temperatuur,32.333333333333336
2,Somalie,herfst,temperatuur,31.666666666666668
3,Somalie,lente,temperatuur,32.0
4,Somalie,zomer,zonuren,8.0
5,Somalie,winter,zonuren,9.333333333333334
6,Somalie,herfst,zonuren,8.666666666666666
7,Somalie,lente,zonuren,8.666666666666666
0,Akrotiri-en-Dhekelia,zomer,temperatuur,31.333333333333332
1,Akrotiri-en-Dhekelia,winter,temperatuur,15.333333333333334
2,Akrotiri-en-Dhekelia,herfst,temperatuur,21.0
3,Akrotiri-en-Dhekelia,lente,temperatuur,25.0
4,Akrotiri-en-Dhekelia,zomer,zonuren,11.0
5,Akrotiri-en-Dhekelia,winter,zonuren,6.0
6,Akrotiri-en-Dhekelia,herfst,zonuren,6.666666666666667
7,Akrotiri-en-Dhekelia,lente,zonuren,10.333333333333334
0,Spitsbergen,zomer,temperatuur,4.666666666666667
1,Spitsbergen,winter,temperatuur,-13.333333333333334
2,Spitsbergen,herfst,temperatuur,-8.666666666666666
3,Spitsbergen,lente,temperatuur,-3.3333333333333335
4,Spitsbergen,zomer,zonuren,5.0
5,Spitsbergen,winter,zonuren,1.0
6,Spitsbergen,herfst,zonuren,0.3333333333333333
7,Spitsbergen,lente,zonuren,8.0
0,SriLanka,zomer,temperatuur,30.0
1,SriLanka,winter,temperatuur,31.333333333333332
2,SriLanka,herfst,temperatuur,30.0
3,SriLanka,lente,temperatuur,31.0
4,SriLanka,zomer,zonuren,6.0
5,SriLanka,winter,zonuren,8.666666666666666
6,SriLanka,herfst,zonuren,6.666666666666667
7,SriLanka,lente,zonuren,6.666666666666667
0,Sint-Helena-Ascension-en-Tristan-da-Cunha,zomer,temperatuur,17.666666666666668
1,Sint-Helena-Ascension-en-Tristan-da-Cunha,winter,temperatuur,22.666666666666668
2,Sint-Helena-Ascension-en-Tristan-da-Cunha,herfst,temperatuur,19.0
3,Sint-Helena-Ascension-en-Tristan-da-Cunha,lente,temperatuur,20.666666666666668
4,Sint-Helena-Ascension-en-Tristan-da-Cunha,zomer,zonuren,6.0
5,Sint-Helena-Ascension-en-Tristan-da-Cunha,winter,zonuren,8.333333333333334
6,Sint-Helena-Ascension-en-Tristan-da-Cunha,herfst,zonuren,7.0
7,Sint-Helena-Ascension-en-Tristan-da-Cunha,lente,zonuren,6.333333333333333
0,Suriname,zomer,temperatuur,31.666666666666668
1,Suriname,winter,temperatuur,30.0
2,Suriname,herfst,temperatuur,31.0
3,Suriname,lente,temperatuur,31.333333333333332
4,Suriname,zomer,zonuren,8.666666666666666
5,Suriname,winter,zonuren,6.666666666666667
6,Suriname,herfst,zonuren,7.666666666666667
7,Suriname,lente,zonuren,6.333333333333333
0,Swaziland,zomer,temperatuur,20.333333333333332
1,Swaziland,winter,temperatuur,25.0
2,Swaziland,herfst,temperatuur,23.333333333333332
3,Swaziland,lente,temperatuur,20.0
4,Swaziland,zomer,zonuren,8.666666666666666
5,Swaziland,winter,zonuren,7.0
6,Swaziland,herfst,zonuren,7.333333333333333
7,Swaziland,lente,zonuren,7.666666666666667
0,Syrie,zomer,temperatuur,31.0
1,Syrie,winter,temperatuur,12.0
2,Syrie,herfst,temperatuur,17.333333333333332
3,Syrie,lente,temperatuur,24.666666666666668
4,Syrie,zomer,zonuren,11.666666666666666
5,Syrie,winter,zonuren,6.0
6,Syrie,herfst,zonuren,6.666666666666667
7,Syrie,lente,zonuren,10.0
0,Tadzjikistan,zomer,temperatuur,32.666666666666664
1,Tadzjikistan,winter,temperatuur,10.0
2,Tadzjikistan,herfst,temperatuur,16.0
3,Tadzjikistan,lente,temperatuur,26.333333333333332
4,Tadzjikistan,zomer,zonuren,11.0
5,Tadzjikistan,winter,zonuren,4.333333333333333
6,Tadzjikistan,herfst,zonuren,5.666666666666667
7,Tadzjikistan,lente,zonuren,9.333333333333334
0,Tanzania,zomer,temperatuur,26.333333333333332
1,Tanzania,winter,temperatuur,28.0
2,Tanzania,herfst,temperatuur,29.333333333333332
3,Tanzania,lente,temperatuur,26.0
4,Tanzania,zomer,zonuren,8.0
5,Tanzania,winter,zonuren,7.333333333333333
6,Tanzania,herfst,zonuren,8.0
7,Tanzania,lente,zonuren,7.333333333333333
0,Thailand,zomer,temperatuur,31.0
1,Thailand,winter,temperatuur,32.0
2,Thailand,herfst,temperatuur,30.666666666666668
3,Thailand,lente,temperatuur,33.0
4,Thailand,zomer,zonuren,5.666666666666667
5,Thailand,winter,zonuren,8.666666666666666
6,Thailand,herfst,zonuren,7.0
7,Thailand,lente,zonuren,7.0
0,Togo,zomer,temperatuur,28.333333333333332
1,Togo,winter,temperatuur,31.666666666666668
2,Togo,herfst,temperatuur,30.666666666666668
3,Togo,lente,temperatuur,30.666666666666668
4,Togo,zomer,zonuren,5.0
5,Togo,winter,zonuren,7.0
6,Togo,herfst,zonuren,7.666666666666667
7,Togo,lente,zonuren,6.333333333333333
0,Tokelau,zomer,temperatuur,31.0
1,Tokelau,winter,temperatuur,31.0
2,Tokelau,herfst,temperatuur,31.0
3,Tokelau,lente,temperatuur,31.333333333333332
4,Tokelau,zomer,zonuren,6.666666666666667
5,Tokelau,winter,zonuren,5.666666666666667
6,Tokelau,herfst,zonuren,5.666666666666667
7,Tokelau,lente,zonuren,6.0
0,Tonga,zomer,temperatuur,25.0
1,Tonga,winter,temperatuur,29.0
2,Tonga,herfst,temperatuur,27.0
3,Tonga,lente,temperatuur,26.666666666666668
4,Tonga,zomer,zonuren,7.0
5,Tonga,winter,zonuren,5.333333333333333
6,Tonga,herfst,zonuren,5.666666666666667
7,Tonga,lente,zonuren,5.666666666666667
0,Trinidad-en-Tobago,zomer,temperatuur,31.0
1,Trinidad-en-Tobago,winter,temperatuur,30.333333333333332
2,Trinidad-en-Tobago,herfst,temperatuur,30.666666666666668
3,Trinidad-en-Tobago,lente,temperatuur,31.333333333333332
4,Trinidad-en-Tobago,zomer,zonuren,6.666666666666667
5,Trinidad-en-Tobago,winter,zonuren,8.0
6,Trinidad-en-Tobago,herfst,zonuren,6.333333333333333
7,Trinidad-en-Tobago,lente,zonuren,7.0
0,Tsjaad,zomer,temperatuur,31.666666666666668
1,Tsjaad,winter,temperatuur,35.333333333333336
2,Tsjaad,herfst,temperatuur,34.666666666666664
3,Tsjaad,lente,temperatuur,38.666666666666664
4,Tsjaad,zomer,zonuren,7.333333333333333
5,Tsjaad,winter,zonuren,9.666666666666666
6,Tsjaad,herfst,zonuren,9.666666666666666
7,Tsjaad,lente,zonuren,9.0
0,Tsjechie,zomer,temperatuur,20.666666666666668
1,Tsjechie,winter,temperatuur,3.0
2,Tsjechie,herfst,temperatuur,6.333333333333333
3,Tsjechie,lente,temperatuur,16.333333333333332
4,Tsjechie,zomer,zonuren,6.333333333333333
5,Tsjechie,winter,zonuren,2.6666666666666665
6,Tsjechie,herfst,zonuren,2.6666666666666665
7,Tsjechie,lente,zonuren,6.666666666666667
0,Tunesie,zomer,temperatuur,32.0
1,Tunesie,winter,temperatuur,17.333333333333332
2,Tunesie,herfst,temperatuur,22.0
3,Tunesie,lente,temperatuur,25.666666666666668
4,Tunesie,zomer,zonuren,10.666666666666666
5,Tunesie,winter,zonuren,7.0
6,Tunesie,herfst,zonuren,7.0
7,Tunesie,lente,zonuren,10.0
0,Turkije,zomer,temperatuur,32.333333333333336
1,Turkije,winter,temperatuur,15.0
2,Turkije,herfst,temperatuur,19.666666666666668
3,Turkije,lente,temperatuur,25.333333333333332
4,Turkije,zomer,zonuren,12.333333333333334
5,Turkije,winter,zonuren,6.0
6,Turkije,herfst,zonuren,6.333333333333333
7,Turkije,lente,zonuren,10.666666666666666
0,Turkmenistan,zomer,temperatuur,35.0
1,Turkmenistan,winter,temperatuur,10.333333333333334
2,Turkmenistan,herfst,temperatuur,16.333333333333332
3,Turkmenistan,lente,temperatuur,29.333333333333332
4,Turkmenistan,zomer,zonuren,11.0
5,Turkmenistan,winter,zonuren,4.666666666666667
6,Turkmenistan,herfst,zonuren,5.666666666666667
7,Turkmenistan,lente,zonuren,9.0
0,Turks-en-Caicoseilanden,zomer,temperatuur,32.0
1,Turks-en-Caicoseilanden,winter,temperatuur,27.333333333333332
2,Turks-en-Caicoseilanden,herfst,temperatuur,29.0
3,Turks-en-Caicoseilanden,lente,temperatuur,30.0
4,Turks-en-Caicoseilanden,zomer,zonuren,7.666666666666667
5,Turks-en-Caicoseilanden,winter,zonuren,7.0
6,Turks-en-Caicoseilanden,herfst,zonuren,6.333333333333333
7,Turks-en-Caicoseilanden,lente,zonuren,7.0
0,Tuvalu,zomer,temperatuur,31.0
1,Tuvalu,winter,temperatuur,31.0
2,Tuvalu,herfst,temperatuur,31.0
3,Tuvalu,lente,temperatuur,31.0
4,Tuvalu,zomer,zonuren,6.333333333333333
5,Tuvalu,winter,zonuren,5.666666666666667
6,Tuvalu,herfst,zonuren,5.666666666666667
7,Tuvalu,lente,zonuren,5.666666666666667
0,Uruguay,zomer,temperatuur,15.333333333333334
1,Uruguay,winter,temperatuur,27.333333333333332
2,Uruguay,herfst,temperatuur,23.0
3,Uruguay,lente,temperatuur,18.333333333333332
4,Uruguay,zomer,zonuren,5.666666666666667
5,Uruguay,winter,zonuren,8.333333333333334
6,Uruguay,herfst,zonuren,8.333333333333334
7,Uruguay,lente,zonuren,5.333333333333333
0,Vaticaanstad,zomer,temperatuur,29.0
1,Vaticaanstad,winter,temperatuur,14.333333333333334
2,Vaticaanstad,herfst,temperatuur,17.333333333333332
3,Vaticaanstad,lente,temperatuur,22.666666666666668
4,Vaticaanstad,zomer,zonuren,9.666666666666666
5,Vaticaanstad,winter,zonuren,4.666666666666667
6,Vaticaanstad,herfst,zonuren,4.666666666666667
7,Vaticaanstad,lente,zonuren,8.666666666666666
0,Vanuatu,zomer,temperatuur,26.666666666666668
1,Vanuatu,winter,temperatuur,30.0
2,Vanuatu,herfst,temperatuur,28.333333333333332
3,Vanuatu,lente,temperatuur,28.0
4,Vanuatu,zomer,zonuren,6.666666666666667
5,Vanuatu,winter,zonuren,6.666666666666667
6,Vanuatu,herfst,zonuren,7.666666666666667
7,Vanuatu,lente,zonuren,6.333333333333333
0,Venezuela,zomer,temperatuur,25.666666666666668
1,Venezuela,winter,temperatuur,24.666666666666668
2,Venezuela,herfst,temperatuur,24.666666666666668
3,Venezuela,lente,temperatuur,26.0
4,Venezuela,zomer,zonuren,6.666666666666667
5,Venezuela,winter,zonuren,7.333333333333333
6,Venezuela,herfst,zonuren,6.0
7,Venezuela,lente,zonuren,6.0
0,Verenigd-Koninkrijk,zomer,temperatuur,21.0
1,Verenigd-Koninkrijk,winter,temperatuur,8.0
2,Verenigd-Koninkrijk,herfst,temperatuur,11.0
3,Verenigd-Koninkrijk,lente,temperatuur,16.666666666666668
4,Verenigd-Koninkrijk,zomer,zonuren,5.666666666666667
5,Verenigd-Koninkrijk,winter,zonuren,2.6666666666666665
6,Verenigd-Koninkrijk,herfst,zonuren,2.0
7,Verenigd-Koninkrijk,lente,zonuren,6.0
0,Verenigde-Arabische-Emiraten,zomer,temperatuur,40.666666666666664
1,Verenigde-Arabische-Emiraten,winter,temperatuur,25.666666666666668
2,Verenigde-Arabische-Emiraten,herfst,temperatuur,30.666666666666668
3,Verenigde-Arabische-Emiraten,lente,temperatuur,36.333333333333336
4,Verenigde-Arabische-Emiraten,zomer,zonuren,10.0
5,Verenigde-Arabische-Emiraten,winter,zonuren,8.0
6,Verenigde-Arabische-Emiraten,herfst,zonuren,9.0
7,Verenigde-Arabische-Emiraten,lente,zonuren,10.666666666666666
0,Vietnam,zomer,temperatuur,32.0
1,Vietnam,winter,temperatuur,21.0
2,Vietnam,herfst,temperatuur,25.333333333333332
3,Vietnam,lente,temperatuur,31.0
4,Vietnam,zomer,zonuren,6.0
5,Vietnam,winter,zonuren,2.3333333333333335
6,Vietnam,herfst,zonuren,4.666666666666667
7,Vietnam,lente,zonuren,5.333333333333333
0,Wales,zomer,temperatuur,19.333333333333332
1,Wales,winter,temperatuur,8.0
2,Wales,herfst,temperatuur,10.666666666666666
3,Wales,lente,temperatuur,15.0
4,Wales,zomer,zonuren,5.666666666666667
5,Wales,winter,zonuren,2.6666666666666665
6,Wales,herfst,zonuren,2.3333333333333335
7,Wales,lente,zonuren,6.0
0,Wallis-en-Futuna,zomer,temperatuur,29.0
1,Wallis-en-Futuna,winter,temperatuur,30.333333333333332
2,Wallis-en-Futuna,herfst,temperatuur,30.333333333333332
3,Wallis-en-Futuna,lente,temperatuur,30.0
4,Wallis-en-Futuna,zomer,zonuren,7.0
5,Wallis-en-Futuna,winter,zonuren,5.666666666666667
6,Wallis-en-Futuna,herfst,zonuren,5.666666666666667
7,Wallis-en-Futuna,lente,zonuren,6.333333333333333
0,WestelijkeSahara,zomer,temperatuur,31.0
1,WestelijkeSahara,winter,temperatuur,22.0
2,WestelijkeSahara,herfst,temperatuur,24.333333333333332
3,WestelijkeSahara,lente,temperatuur,26.333333333333332
4,WestelijkeSahara,zomer,zonuren,8.666666666666666
5,WestelijkeSahara,winter,zonuren,7.666666666666667
6,WestelijkeSahara,herfst,zonuren,7.333333333333333
7,WestelijkeSahara,lente,zonuren,9.0
0,Wit-Rusland,zomer,temperatuur,20.333333333333332
1,Wit-Rusland,winter,temperatuur,-1.0
2,Wit-Rusland,herfst,temperatuur,4.0
3,Wit-Rusland,lente,temperatuur,17.0
4,Wit-Rusland,zomer,zonuren,7.333333333333333
5,Wit-Rusland,winter,zonuren,3.0
6,Wit-Rusland,herfst,zonuren,1.6666666666666667
7,Wit-Rusland,lente,zonuren,7.666666666666667
0,IJsland,zomer,temperatuur,10.333333333333334
1,IJsland,winter,temperatuur,-0.3333333333333333
2,IJsland,herfst,temperatuur,1.3333333333333333
3,IJsland,lente,temperatuur,7.333333333333333
4,IJsland,zomer,zonuren,5.0
5,IJsland,winter,zonuren,2.0
6,IJsland,herfst,zonuren,1.0
7,IJsland,lente,zonuren,5.333333333333333
0,Zambia,zomer,temperatuur,26.0
1,Zambia,winter,temperatuur,27.0
2,Zambia,herfst,temperatuur,29.333333333333332
3,Zambia,lente,temperatuur,24.666666666666668
4,Zambia,zomer,zonuren,9.666666666666666
5,Zambia,winter,zonuren,6.333333333333333
6,Zambia,herfst,zonuren,7.666666666666667
7,Zambia,lente,zonuren,9.0
0,Zimbabwe,zomer,temperatuur,24.333333333333332
1,Zimbabwe,winter,temperatuur,26.0
2,Zimbabwe,herfst,temperatuur,27.666666666666668
3,Zimbabwe,lente,temperatuur,23.666666666666668
4,Zimbabwe,zomer,zonuren,9.666666666666666
5,Zimbabwe,winter,zonuren,6.666666666666667
6,Zimbabwe,herfst,zonuren,7.666666666666667
7,Zimbabwe,lente,zonuren,8.666666666666666
0,Zweden,zomer,temperatuur,19.666666666666668
1,Zweden,winter,temperatuur,-0.3333333333333333
2,Zweden,herfst,temperatuur,4.333333333333333
3,Zweden,lente,temperatuur,15.0
4,Zweden,zomer,zonuren,6.333333333333333
5,Zweden,winter,zonuren,2.0
6,Zweden,herfst,zonuren,1.3333333333333333
7,Zweden,lente,zonuren,7.333333333333333
0,Zuid-Afrika,zomer,temperatuur,20.333333333333332
1,Zuid-Afrika,winter,temperatuur,28.333333333333332
2,Zuid-Afrika,herfst,temperatuur,26.0
3,Zuid-Afrika,lente,temperatuur,21.333333333333332
4,Zuid-Afrika,zomer,zonuren,8.0
5,Zuid-Afrika,winter,zonuren,8.333333333333334
6,Zuid-Afrika,herfst,zonuren,8.666666666666666
7,Zuid-Afrika,lente,zonuren,7.333333333333333
0,Zuid-Georgie-en-de-Zuidelijke-Sandwicheilanden,zomer,temperatuur,1.3333333333333333
1,Zuid-Georgie-en-de-Zuidelijke-Sandwicheilanden,winter,temperatuur,7.333333333333333
2,Zuid-Georgie-en-de-Zuidelijke-Sandwicheilanden,herfst,temperatuur,5.0
3,Zuid-Georgie-en-de-Zuidelijke-Sandwicheilanden,lente,temperatuur,2.3333333333333335
4,Zuid-Georgie-en-de-Zuidelijke-Sandwicheilanden,zomer,zonuren,1.6666666666666667
5,Zuid-Georgie-en-de-Zuidelijke-Sandwicheilanden,winter,zonuren,2.3333333333333335
6,Zuid-Georgie-en-de-Zuidelijke-Sandwicheilanden,herfst,zonuren,2.6666666666666665
7,Zuid-Georgie-en-de-Zuidelijke-Sandwicheilanden,lente,zonuren,1.0
0,Zuid-Korea,zomer,temperatuur,27.666666666666668
1,Zuid-Korea,winter,temperatuur,5.333333333333333
2,Zuid-Korea,herfst,temperatuur,11.666666666666666
3,Zuid-Korea,lente,temperatuur,22.0
4,Zuid-Korea,zomer,zonuren,6.333333333333333
5,Zuid-Korea,winter,zonuren,6.333333333333333
6,Zuid-Korea,herfst,zonuren,5.666666666666667
7,Zuid-Korea,lente,zonuren,7.666666666666667
0,Zuid-Soedan,zomer,temperatuur,31.333333333333332
1,Zuid-Soedan,winter,temperatuur,36.666666666666664
2,Zuid-Soedan,herfst,temperatuur,34.0
3,Zuid-Soedan,lente,temperatuur,33.333333333333336
4,Zuid-Soedan,zomer,zonuren,7.0
5,Zuid-Soedan,winter,zonuren,8.666666666666666
6,Zuid-Soedan,herfst,zonuren,8.333333333333334
7,Zuid-Soedan,lente,zonuren,7.0
0,Zwitserland,zomer,temperatuur,22.333333333333332
1,Zwitserland,winter,temperatuur,4.666666666666667
2,Zwitserland,herfst,temperatuur,7.666666666666667
3,Zwitserland,lente,temperatuur,18.333333333333332
4,Zwitserland,zomer,zonuren,6.0
5,Zwitserland,winter,zonuren,3.0
6,Zwitserland,herfst,zonuren,2.0
7,Zwitserland,lente,zonuren,6.0
